"","id","RGPTS_persecution","RGPTS_reference","puzzle_score","med_rt","age","gender","educatino"
"1",3323428,22,21,2,34491,24,"Female","High school degree or equivalent (e.g."
"2",4266797,10,10,2,26909.5,31,"Female","Graduate degree"
"3",4557132,10,18,3,25831,23,"Male","College"
"4",8916873,17,15,1,28425.5,35,"Male","College"
"5",9265142,23,22,3,41438.5,24,"Male","College"
"6",18670203,11,9,6,23918.5,25,"Male","College"
"7",19927220,20,20,3,43646,57,"Female","College"
"8",41803106,18,24,5,15726,25,"Male","Graduate degree"
"9",57576363,10,12,0,6624,19,"Male","High school degree or equivalent (e.g."
"10",58925418,25,25,3,11540.5,20,"Male","College"
"11",60713715,24,16,5,32780.5,24,"Male","College"
"12",82025629,13,13,5,22163,25,"Male","Graduate degree"
"13",82950014,12,22,5,26928.5,40,"Male","College"
"14",100582577,12,12,0,30431.5,55,"Female","College"
"15",114323060,20,25,2,35114,22,"Male","College"
"16",119249759,11,12,4,27175,29,"Female","College"
"17",120906109,12,18,4,25631.5,46,"Female","Graduate degree"
"18",130781440,19,17,2,40736.5,21,"Male","High school degree or equivalent (e.g."
"19",134493222,29,28,4,34738.5,26,"Male","Graduate degree"
"20",137704000,10,19,2,17542,25,"Female","College"
"21",140360820,18,23,5,46679,22,"Male","College"
"22",146442483,42,35,1,77782.5,31,"Female","College"
"23",149606453,28,23,4,13663.5,20,"Male","High school degree or equivalent (e.g."
"24",158764984,12,11,5,44711,39,"Female","Graduate degree"
"25",160011641,25,28,1,31519.5,37,"Female","College"
"26",171229249,22,27,2,13101,44,"Female","High school degree or equivalent (e.g."
"27",174630543,19,18,2,41535,23,"Male","College"
"28",195147712,17,16,3,27681.5,23,"Female","College"
"29",202444061,28,24,1,29250,30,"Female","Graduate degree"
"30",229595508,19,21,6,23054.5,20,"Male","College"
"31",233534425,10,9,2,28253,46,"Male","Graduate degree"
"32",235811154,17,24,4,43767,25,"Female","Graduate degree"
"33",238220667,25,24,0,18914.5,29,"Female","Graduate degree"
"34",245535232,10,17,2,9274.5,37,"Male","High school degree or equivalent (e.g."
"35",248964082,10,14,4,42952.5,34,"Female","College"
"36",257011846,12,12,5,28026.5,23,"Female","College"
"37",295950629,50,19,1,13611.5,25,"Female","Graduate degree"
"38",299001148,10,8,4,31361.5,33,"Male","Graduate degree"
"39",299146055,25,24,2,34722,19,"Female","High school degree or equivalent (e.g."
"40",309849678,24,25,1,16262,57,"Male","Graduate degree"
"41",311343495,17,16,5,30942,18,"Male","High school degree or equivalent (e.g."
"42",313065998,27,17,3,24699,18,"Female","High school degree or equivalent (e.g."
"43",317840244,30,22,5,11922.5,24,"Male","College"
"44",336393908,10,8,3,31242,20,"Male","High school degree or equivalent (e.g."
"45",337779813,36,38,5,24378.5,23,"Female","High school degree or equivalent (e.g."
"46",338071656,37,30,1,9313.5,30,"Male","Graduate degree"
"47",341944171,19,17,0,7718,25,"Female","Graduate degree"
"48",365406927,30,23,5,17714,28,"Female","Graduate degree"
"49",370987774,16,22,5,20604,18,"Male","High school degree or equivalent (e.g."
"50",374845092,18,17,5,30972.5,29,"Male","Graduate degree"
"51",375352386,39,28,1,23351.5,23,"Female","College"
"52",377281379,18,26,4,38167.5,18,"Female","High school degree or equivalent (e.g."
"53",387710704,12,16,3,49580,31,"Male","College"
"54",388409246,19,31,2,20077,19,"Female","High school degree or equivalent (e.g."
"55",389212338,10,18,1,12812,22,"Female","High school degree or equivalent (e.g."
"56",395580261,28,26,2,36479.5,23,"Male","High school degree or equivalent (e.g."
"57",401700056,18,19,6,54833.5,19,"Male","College"
"58",407543799,15,24,6,48079.5,48,"Female","Basic "
"59",421664158,22,25,4,202365,24,"Male","Graduate degree"
"60",424389802,13,19,6,89224,19,"Male","High school degree or equivalent (e.g."
"61",431761341,10,8,0,15507,33,"Female","Prefer not to say"
"62",434727752,10,12,5,34854.5,31,"Female","College"
"63",438160843,32,15,1,6225.5,29,"Male","Graduate degree"
"64",438484603,13,13,6,54333.5,22,"Female","Graduate degree"
"65",450004053,18,13,0,32303,26,"Male","College"
"66",456723270,10,8,4,14352,37,"Female","Graduate degree"
"67",458712602,34,31,3,24129.5,22,"Female","College"
"68",460196436,10,9,1,11897.5,26,"Female","College"
"69",465935881,40,29,1,26813,23,"Male","Graduate degree"
"70",469163687,23,12,6,20186,37,"Male","College"
"71",470902953,26,23,2,36358,26,"Male","Graduate degree"
"72",474862904,22,22,6,21639,20,"Male","High school degree or equivalent (e.g."
"73",475779392,37,32,2,42173.5,20,"Male","Prefer not to say"
"74",505642069,44,33,5,37723,36,"Male","Graduate degree"
"75",509632046,15,24,5,35911.5,22,"Male","Graduate degree"
"76",513496829,14,21,2,18460,49,"Female","College"
"77",514280507,13,14,6,36380.5,21,"Male","High school degree or equivalent (e.g."
"78",522274240,11,15,1,36094,30,"Female","Graduate degree"
"79",525431170,32,26,1,36032.5,34,"Female","College"
"80",541549848,27,20,4,32451,28,"Male","High school degree or equivalent (e.g."
"81",548005352,33,15,5,46893.5,33,"Female","High school degree or equivalent (e.g."
"82",552716110,15,23,1,18984.5,23,"Male","High school degree or equivalent (e.g."
"83",562144003,16,19,3,15890.5,25,"Female","College"
"84",563491000,13,19,3,27671,43,"Male","College"
"85",572327421,17,26,4,28569,26,"Male","Graduate degree"
"86",572620222,16,23,2,24968.5,27,"Male","Graduate degree"
"87",575360528,26,17,5,12919,33,"Female","Graduate degree"
"88",581289248,18,19,4,40316,19,"Male","High school degree or equivalent (e.g."
"89",592329692,16,20,1,68051,20,"Female","High school degree or equivalent (e.g."
"90",601277304,10,9,5,64881.5,35,"Male","Graduate degree"
"91",605672813,17,16,3,30304.5,25,"Male","Graduate degree"
"92",613187598,34,25,4,19705,26,"Female","High school degree or equivalent (e.g."
"93",613609577,34,27,6,12385,32,"Male","Graduate degree"
"94",623458059,16,15,4,18342,26,"Female","Graduate degree"
"95",625897824,11,8,6,18022.5,40,"Male","Graduate degree"
"96",631265716,21,24,3,28036,22,"Female","College"
"97",646259556,12,23,3,21975,28,"Female","Graduate degree"
"98",653565593,11,8,5,72842.5,50,"Female","High school degree or equivalent (e.g."
"99",661949155,15,19,3,22862.5,47,"Female","College"
"100",663785839,10,9,3,47090.5,31,"Male","High school degree or equivalent (e.g."
"101",665694997,11,11,2,32218,48,"Male","College"
"102",670411434,21,18,5,39022.5,19,"Male","High school degree or equivalent (e.g."
"103",683195935,16,11,4,52757.5,57,"Male","Graduate degree"
"104",684552639,13,20,6,34012.5,25,"Male","College"
"105",687507775,21,18,3,30126,34,"Male","High school degree or equivalent (e.g."
"106",693547846,10,8,1,25281,34,"Female","High school degree or equivalent (e.g."
"107",694253743,14,15,0,15811,19,"Female","College"
"108",697130229,27,25,3,26977.5,29,"Female","Graduate degree"
"109",699101097,17,20,4,45337,18,"Male","High school degree or equivalent (e.g."
"110",702604708,26,28,2,25499.5,28,"Female","Graduate degree"
"111",705695636,28,32,2,16238,32,"Male","Graduate degree"
"112",715429015,10,8,3,33769.5,18,"Male","High school degree or equivalent (e.g."
"113",722670080,10,12,2,27612.5,25,"Male","Graduate degree"
"114",727352558,37,27,3,16630.5,22,"Male","College"
"115",729618427,11,12,6,26363,19,"Male","College"
"116",730621401,30,34,3,18632,38,"Female","Basic "
"117",730954864,39,15,1,49080.5,23,"Male","Graduate degree"
"118",755866458,20,20,2,61646,27,"Female","Graduate degree"
"119",769788539,20,18,1,39712.5,20,"Female","High school degree or equivalent (e.g."
"120",780797012,13,13,5,18642.5,24,"Female","High school degree or equivalent (e.g."
"121",783440326,22,15,1,16190.5,42,"Male","Graduate degree"
"122",788710267,15,17,2,17405.5,21,"Male","High school degree or equivalent (e.g."
"123",794209070,26,21,4,32733.5,35,"Male","College"
"124",802019982,15,17,3,48725.5,21,"Male","Graduate degree"
"125",802332370,13,11,0,6497.5,24,"Female","College"
"126",827504815,10,8,0,27696.5,47,"Female","High school degree or equivalent (e.g."
"127",829311143,11,20,6,43029,28,"Male","High school degree or equivalent (e.g."
"128",834755041,15,20,3,26265.5,18,"Male","Prefer not to say"
"129",837441148,10,8,4,20721.5,24,"Female","College"
"130",864413698,22,18,1,9542,26,"Female","Graduate degree"
"131",866004159,12,18,0,11107,34,"Female","Graduate degree"
"132",875755620,32,15,1,34375,56,"Male","College"
"133",883534916,12,15,2,38201.5,43,"Male","Graduate degree"
"134",911849318,26,24,0,11312.5,25,"Male","Graduate degree"
"135",911942362,11,13,3,20127,46,"Female","High school degree or equivalent (e.g."
"136",928934152,26,24,6,19872.5,31,"Female","Graduate degree"
"137",933559683,19,18,2,27987.5,23,"Male","High school degree or equivalent (e.g."
"138",936160908,22,15,4,24881,33,"Male","Graduate degree"
"139",940178766,10,13,6,18590.5,19,"Male","College"
"140",942100922,11,8,4,25942.5,20,"Female","High school degree or equivalent (e.g."
"141",950004334,11,10,4,43767,43,"Female","College"
"142",963622824,14,15,5,31956.5,29,"Male","Graduate degree"
"143",979204696,10,8,2,42039,52,"Female","Graduate degree"
"144",980361345,32,20,5,14597,37,"Male","College"
"145",984043607,33,24,0,1175.5,28,"Male","Graduate degree"
"146",985731494,24,26,2,9198,31,"Female","Graduate degree"
"147",994394647,13,11,6,36702,26,"Female","College"
"148",1002864805,10,9,5,70478,32,"Male","College"
"149",1014072929,13,16,1,2441.5,45,"Male","Graduate degree"
"150",1022743621,27,20,4,38410,25,"Male","College"
"151",1024957452,13,20,4,46529.5,33,"Male","Graduate degree"
"152",1035959774,15,18,4,40085,35,"Male","Graduate degree"
"153",1043434419,24,28,2,19295,20,"Male","College"
"154",1044262307,11,12,2,34207,32,"Male","College"
"155",1050648726,22,20,2,42049.5,32,"Female","College"
"156",1057861531,14,10,2,17722,36,"Female","Graduate degree"
"157",1060153991,31,28,2,18982.5,23,"Male","High school degree or equivalent (e.g."
"158",1061485043,20,13,2,92538.5,32,"Female","Graduate degree"
"159",1064110704,10,8,6,18302,28,"Male","College"
"160",1083427377,10,18,0,8085,20,"Male","Basic "
"161",1085539091,12,22,0,1837,22,"Male","High school degree or equivalent (e.g."
"162",1099999572,10,8,2,24962,62,"Male","Graduate degree"
"163",1100385425,16,22,6,34662,28,"Male","College"
"164",1107522642,24,13,4,39589,25,"Female","Graduate degree"
"165",1127273580,31,27,3,16581,22,"Male","Graduate degree"
"166",1129121056,10,8,3,87373,25,"Female","College"
"167",1129321771,10,9,5,23600,24,"Male","Graduate degree"
"168",1134819155,10,8,4,51017,57,"Male","College"
"169",1154882382,19,21,4,38388,20,"Male","High school degree or equivalent (e.g."
"170",1185272587,10,9,4,26914,21,"Male","College"
"171",1187923270,14,17,1,6735,33,"Female","Graduate degree"
"172",1189878519,22,29,3,28553.5,18,"Female","High school degree or equivalent (e.g."
"173",1190872030,11,10,4,30467.5,31,"Male","Graduate degree"
"174",1191449780,20,23,6,58036.5,29,"Male","High school degree or equivalent (e.g."
"175",1194260967,30,23,3,21636,20,"Male","College"
"176",1203117766,14,16,3,24569,20,"Male","High school degree or equivalent (e.g."
"177",1214609898,10,10,6,20856,21,"Male","Graduate degree"
"178",1233031622,11,15,5,20402,19,"Male","High school degree or equivalent (e.g."
"179",1244899453,23,28,4,17571.5,20,"Male","College"
"180",1250266690,12,10,4,77680,53,"Female","College"
"181",1251157893,20,19,2,55610.5,33,"Male","Graduate degree"
"182",1265169611,43,24,1,5187.5,20,"Male","High school degree or equivalent (e.g."
"183",1275614803,10,9,6,32243.5,37,"Male","Graduate degree"
"184",1278063274,10,18,4,42345.5,19,"Female","High school degree or equivalent (e.g."
"185",1289789865,15,24,5,34308.5,19,"Female","High school degree or equivalent (e.g."
"186",1290640123,17,15,4,20153,27,"Male","Graduate degree"
"187",1295558422,17,14,5,17313,21,"Male","High school degree or equivalent (e.g."
"188",1311093197,15,14,3,47506,30,"Male","High school degree or equivalent (e.g."
"189",1316566963,10,8,2,52028.5,46,"Female","College"
"190",1325431383,11,15,4,30821,43,"Male","Graduate degree"
"191",1335700597,16,22,6,28055.5,21,"Male","High school degree or equivalent (e.g."
"192",1339347296,28,25,1,5865.5,25,"Female","High school degree or equivalent (e.g."
"193",1341667288,11,21,1,49557,26,"Male","Graduate degree"
"194",1347931478,18,16,4,28343,29,"Male","Graduate degree"
"195",1350835626,38,14,2,18624,20,"Male","High school degree or equivalent (e.g."
"196",1351509390,11,19,6,25914.5,42,"Male","High school degree or equivalent (e.g."
"197",1352431129,18,28,0,7038,20,"Female","High school degree or equivalent (e.g."
"198",1364598851,14,14,5,40229.5,22,"Male","High school degree or equivalent (e.g."
"199",1370364802,10,10,3,28474.5,29,"Female","Graduate degree"
"200",1377856142,10,8,5,33587.5,53,"Female","College"
"201",1382749302,35,25,0,8227.5,20,"Female","High school degree or equivalent (e.g."
"202",1384225313,14,17,3,30436,20,"Male","High school degree or equivalent (e.g."
"203",1394207204,23,20,6,23899,31,"Male","College"
"204",1397066609,17,29,2,44294,23,"Female","High school degree or equivalent (e.g."
"205",1397151125,14,13,3,72094.5,29,"Female","Graduate degree"
"206",1403085065,20,21,5,60955.5,43,"Male","Graduate degree"
"207",1416191400,25,29,4,24119.5,23,"Female","College"
"208",1424138199,14,12,5,30657,33,"Female","Graduate degree"
"209",1433566088,13,12,4,8497.5,22,"Male","Graduate degree"
"210",1441844543,36,31,3,10698.5,21,"Male","High school degree or equivalent (e.g."
"211",1475077131,11,16,5,26801,36,"Male","Graduate degree"
"212",1476592873,11,13,3,22699,45,"Female","Graduate degree"
"213",1477529051,41,33,0,14949,43,"Male","Graduate degree"
"214",1479401916,15,10,6,23618.5,37,"Male","College"
"215",1481671845,22,20,4,26752,40,"Male","College"
"216",1485357882,11,12,1,19492.5,26,"Male","Graduate degree"
"217",1485597926,14,19,4,22837.5,20,"Male","Prefer not to say"
"218",1486852175,12,15,5,15810,28,"Male","Graduate degree"
"219",1489741808,18,14,2,16549,54,"Male","High school degree or equivalent (e.g."
"220",1490127333,10,8,5,49807,33,"Male","High school degree or equivalent (e.g."
"221",1494699846,10,12,4,47718.5,35,"Male","Graduate degree"
"222",1494886780,17,21,3,25525.5,23,"Male","High school degree or equivalent (e.g."
"223",1505157210,14,15,6,56781,28,"Male","Graduate degree"
"224",1507252610,20,19,4,45648,19,"Male","High school degree or equivalent (e.g."
"225",1507686713,10,10,6,32326.5,26,"Male","College"
"226",1508694890,11,13,4,25381,27,"Female","College"
"227",1512039129,15,28,3,32105.5,20,"Male","High school degree or equivalent (e.g."
"228",1512875066,19,23,2,40375.5,33,"Male","High school degree or equivalent (e.g."
"229",1518603551,13,12,1,29942.5,41,"Male","High school degree or equivalent (e.g."
"230",1532019169,10,9,5,25328,49,"Male","Graduate degree"
"231",1534300521,33,26,6,15172.5,23,"Male","College"
"232",1547861669,24,26,6,28619.5,24,"Female","Graduate degree"
"233",1554345085,11,16,6,32136,21,"Female","High school degree or equivalent (e.g."
"234",1554355550,19,18,1,29441,28,"Female","High school degree or equivalent (e.g."
"235",1554679708,13,23,5,50796,19,"Male","High school degree or equivalent (e.g."
"236",1559407778,16,13,1,20077.5,26,"Female","Graduate degree"
"237",1560498878,17,17,1,43672,26,"Female","Graduate degree"
"238",1562088353,24,30,3,21340,19,"Male","High school degree or equivalent (e.g."
"239",1562797246,10,10,5,41458,28,"Male","College"
"240",1577486715,12,13,4,22459.5,26,"Female","Graduate degree"
"241",1577936905,25,24,3,9343,30,"Female","Graduate degree"
"242",1581585434,12,11,5,36655,19,"Male","High school degree or equivalent (e.g."
"243",1583805099,10,13,1,13816,26,"Male","High school degree or equivalent (e.g."
"244",1590343150,11,13,4,37146,22,"Male","High school degree or equivalent (e.g."
"245",1608592589,21,21,3,24932,21,"Male","High school degree or equivalent (e.g."
"246",1615007594,14,19,1,16973,24,"Female","College"
"247",1619503211,33,26,3,17425.5,21,"Male","Graduate degree"
"248",1619593574,15,9,2,54902,59,"Female","Graduate degree"
"249",1634527511,11,14,2,39600,25,"Female","High school degree or equivalent (e.g."
"250",1634713703,13,14,3,24464.5,22,"Female","High school degree or equivalent (e.g."
"251",1637386849,28,30,2,43897.5,26,"Male","High school degree or equivalent (e.g."
"252",1642143141,10,17,2,99693.5,54,"Female","College"
"253",1646325300,10,11,6,33999.5,50,"Male","Graduate degree"
"254",1681309851,23,19,2,47803.5,27,"Female","Graduate degree"
"255",1694706863,23,17,2,21591,28,"Male","Graduate degree"
"256",1700386845,25,27,0,3066,25,"Female","Graduate degree"
"257",1718437562,10,21,3,27305.5,47,"Female","High school degree or equivalent (e.g."
"258",1747624318,10,8,2,13308.5,39,"Female","High school degree or equivalent (e.g."
"259",1747700895,11,18,5,60998.5,24,"Male","High school degree or equivalent (e.g."
"260",1758373257,26,24,4,6028,27,"Female","College"
"261",1768459107,10,8,3,35933,33,"Male","Graduate degree"
"262",1772683980,22,29,1,28139,49,"Female","Graduate degree"
"263",1783559514,12,14,5,36115,47,"Male","Graduate degree"
"264",1784381793,17,18,4,31330.5,36,"Male","College"
"265",1786897814,19,30,5,92440.5,25,"Female","College"
"266",1787204672,31,20,2,19326,29,"Male","Graduate degree"
"267",1792453216,10,9,2,19113,22,"Female","Graduate degree"
"268",1794328375,35,25,2,7531.5,21,"Male","College"
"269",1794952479,43,21,1,55557,63,"Male","College"
"270",1799525767,16,15,5,37149,31,"Male","High school degree or equivalent (e.g."
"271",1803015703,17,12,5,27817,22,"Female","Graduate degree"
"272",1806841836,24,29,0,24417.5,31,"Male","College"
"273",1833879656,16,21,4,45247.5,35,"Male","Graduate degree"
"274",1836324245,10,10,1,14687.5,34,"Female","Graduate degree"
"275",1846893865,26,26,4,21948.5,24,"Female","College"
"276",1852331600,11,13,4,18398,32,"Female","College"
"277",1865112353,16,17,3,32061.5,26,"Male","College"
"278",1877844274,13,20,0,15732.5,19,"Female","High school degree or equivalent (e.g."
"279",1879210761,36,24,1,6855,19,"Male","High school degree or equivalent (e.g."
"280",1881642403,30,23,2,11938,22,"Male","Graduate degree"
"281",1885314675,10,9,5,34812,37,"Male","College"
"282",1887171818,10,14,5,36354.5,18,"Male","High school degree or equivalent (e.g."
"283",1888344445,15,18,2,15160.5,34,"Male","Graduate degree"
"284",1893947401,16,29,5,24855,26,"Female","College"
"285",1901838942,12,16,1,6578,21,"Male","High school degree or equivalent (e.g."
"286",1905386612,10,10,5,16757,31,"Female","Graduate degree"
"287",1913339507,11,10,0,15633.5,58,"Male","Graduate degree"
"288",1963768757,45,36,1,3918.5,39,"Male","Graduate degree"
"289",1967739740,10,11,5,48406,24,"Male","High school degree or equivalent (e.g."
"290",1974056466,16,21,3,37668,22,"Male","Graduate degree"
"291",1987128092,15,13,4,46621.5,33,"Male","College"
"292",1987462273,11,9,2,23287.5,38,"Female","Graduate degree"
"293",1989800169,10,11,6,28787,42,"Male","College"
"294",1994564606,10,8,1,9103,47,"Female","High school degree or equivalent (e.g."
"295",1997679201,19,17,4,34396,40,"Female","Graduate degree"
"296",2003475416,10,12,4,46435,19,"Female","College"
"297",2011354326,34,19,5,40373.5,36,"Male","Graduate degree"
"298",2012979738,26,21,6,26838,20,"Female","College"
"299",2013401568,11,13,3,32039.5,37,"Female","Graduate degree"
"300",2018863138,11,15,5,26562,18,"Female","High school degree or equivalent (e.g."
"301",2024373594,17,15,4,32584,38,"Female","College"
"302",2026586303,18,32,2,13718,24,"Male","High school degree or equivalent (e.g."
"303",2031981161,31,28,4,15452,40,"Male","Graduate degree"
"304",2032450271,10,15,3,54511,36,"Female","Graduate degree"
"305",2056719257,10,10,5,31773.5,32,"Male","College"
"306",2063893628,27,28,6,30879.5,21,"Male","High school degree or equivalent (e.g."
"307",2065054285,17,19,1,6916,22,"Male","College"
"308",2080195442,10,12,5,44969,29,"Male","College"
"309",2083523173,26,36,5,58694,20,"Female","High school degree or equivalent (e.g."
"310",2086726150,11,15,4,17012,20,"Male","High school degree or equivalent (e.g."
"311",2089232161,14,17,5,14507,20,"Male","High school degree or equivalent (e.g."
"312",2094692878,27,16,2,17499,18,"Female","Basic "
"313",2097932287,12,12,5,14594,40,"Male","Graduate degree"
"314",2109283080,28,28,2,7880.5,29,"Female","College"
"315",2109749675,10,11,3,18049,25,"Female","Graduate degree"
"316",2117087193,20,14,4,33430.5,22,"Male","College"
"317",2122888919,12,14,5,34902,29,"Female","Graduate degree"
"318",2126980264,13,19,3,24900,27,"Male","High school degree or equivalent (e.g."
"319",2127068248,10,9,5,23414,37,"Female","Graduate degree"
"320",2138820516,12,19,4,25052,22,"Female","Graduate degree"
"321",2142338569,37,17,3,36824.5,55,"Female","Basic "
"322",2145512449,25,30,4,8825.5,22,"Female","High school degree or equivalent (e.g."
"323",2151891484,15,20,2,34198.5,57,"Male","College"
"324",2168904640,14,14,5,15362,25,"Male","High school degree or equivalent (e.g."
"325",2172579193,34,32,2,12093.5,24,"Male","High school degree or equivalent (e.g."
"326",2173031194,10,10,1,28200,56,"Male","College"
"327",2183343613,18,22,4,50262.5,19,"Female","High school degree or equivalent (e.g."
"328",2195802376,25,23,6,30144.5,19,"Male","High school degree or equivalent (e.g."
"329",2203725574,17,24,5,28067.5,24,"Male","High school degree or equivalent (e.g."
"330",2217632475,18,32,1,5162.5,26,"Male","High school degree or equivalent (e.g."
"331",2217835195,50,40,1,3064,18,"Male","College"
"332",2222505316,16,20,3,41817.5,32,"Female","High school degree or equivalent (e.g."
"333",2223430273,11,9,2,19842.5,28,"Male","High school degree or equivalent (e.g."
"334",2232371708,27,19,4,17989,19,"Male","High school degree or equivalent (e.g."
"335",2239810533,32,33,3,20661.5,18,"Male","High school degree or equivalent (e.g."
"336",2249610323,12,10,5,36178.5,19,"Male","High school degree or equivalent (e.g."
"337",2261173946,36,27,5,27855.5,21,"Female","High school degree or equivalent (e.g."
"338",2265348081,36,26,4,32676,22,"Male","High school degree or equivalent (e.g."
"339",2278857833,24,13,2,38032,32,"Female","High school degree or equivalent (e.g."
"340",2283812165,11,11,5,19396,30,"Male","Graduate degree"
"341",2299915728,18,19,3,25630.5,18,"Male","High school degree or equivalent (e.g."
"342",2303262071,14,13,4,20688,36,"Female","Graduate degree"
"343",2307059430,10,14,4,19725.5,19,"Female","High school degree or equivalent (e.g."
"344",2317551167,18,17,4,30914,25,"Male","Graduate degree"
"345",2323122730,12,16,1,11248,58,"Male","College"
"346",2333845394,18,18,2,26755.5,42,"Male","College"
"347",2336739080,12,16,6,34050,19,"Male","High school degree or equivalent (e.g."
"348",2337022167,37,24,1,16058,42,"Male","Graduate degree"
"349",2346126493,10,10,5,54791.5,40,"Male","High school degree or equivalent (e.g."
"350",2354807299,29,37,4,33117.5,18,"Female","College"
"351",2357157916,28,27,4,19890,19,"Male","High school degree or equivalent (e.g."
"352",2360742160,49,26,3,21980.5,33,"Male","Graduate degree"
"353",2369216445,11,10,5,43029.5,52,"Female","Graduate degree"
"354",2374588114,16,18,2,641,18,"Male","Graduate degree"
"355",2383796939,10,14,2,100067,19,"Male","College"
"356",2384798051,30,24,3,978.5,45,"Other","High school degree or equivalent (e.g."
"357",2387213323,36,24,3,28860.5,20,"Male","High school degree or equivalent (e.g."
"358",2392979441,15,16,1,30695,42,"Female","Graduate degree"
"359",2405004352,24,23,2,17783.5,19,"Male","Basic "
"360",2405381492,11,11,5,42724.5,35,"Male","Graduate degree"
"361",2422392277,25,22,3,36677.5,25,"Male","Graduate degree"
"362",2425042768,18,25,4,46829.5,28,"Male","College"
"363",2430884235,13,23,3,34878.5,25,"Female","Graduate degree"
"364",2437587022,16,24,2,15939,19,"Male","High school degree or equivalent (e.g."
"365",2462227944,11,10,2,26739,18,"Male","High school degree or equivalent (e.g."
"366",2470013685,14,16,4,65494.5,24,"Male","Graduate degree"
"367",2474618370,13,13,2,42886.5,35,"Male","High school degree or equivalent (e.g."
"368",2475065113,19,19,5,42350,29,"Female","Graduate degree"
"369",2480538857,13,12,5,18003,37,"Male","Graduate degree"
"370",2497892756,16,14,2,10480,20,"Female","High school degree or equivalent (e.g."
"371",2502230409,10,8,3,23582.5,62,"Male","Graduate degree"
"372",2507001368,14,14,4,60333.5,54,"Male","Graduate degree"
"373",2511100254,22,18,2,21246,26,"Male","College"
"374",2516816901,25,21,2,79067.5,35,"Female","Graduate degree"
"375",2519648214,28,26,5,40578,29,"Male","College"
"376",2523929453,26,27,5,42987,22,"Female","College"
"377",2539139633,31,21,3,21613,23,"Male","College"
"378",2550955567,18,13,3,41779.5,37,"Male","High school degree or equivalent (e.g."
"379",2553693184,10,8,6,5531.5,21,"Male","College"
"380",2562382882,35,31,2,16789.5,18,"Male","Basic "
"381",2564846329,10,14,5,26136.5,23,"Male","High school degree or equivalent (e.g."
"382",2576270831,28,22,5,27873,49,"Male","Graduate degree"
"383",2599840125,12,10,5,34005.5,18,"Male","High school degree or equivalent (e.g."
"384",2606825164,30,25,6,91099,24,"Male","Graduate degree"
"385",2612166475,10,14,5,40255.5,36,"Male","High school degree or equivalent (e.g."
"386",2616823939,25,21,0,11891.5,21,"Female","High school degree or equivalent (e.g."
"387",2647559215,28,25,5,17508,22,"Male","High school degree or equivalent (e.g."
"388",2649980125,34,19,4,30151,22,"Male","High school degree or equivalent (e.g."
"389",2651386809,11,15,3,25057,30,"Male","High school degree or equivalent (e.g."
"390",2651985757,16,19,3,38050.5,30,"Female","College"
"391",2658417383,24,26,5,75023,19,"Female","College"
"392",2669257984,26,28,2,3641,31,"Male","College"
"393",2689434494,29,23,0,4240.5,31,"Male","College"
"394",2690956444,11,8,1,30499.5,18,"Male","Prefer not to say"
"395",2691657960,10,12,6,26272,26,"Female","High school degree or equivalent (e.g."
"396",2694789821,10,9,0,3847.5,33,"Male","College"
"397",2698217306,11,11,5,18944,29,"Female","Graduate degree"
"398",2701295216,10,8,2,16128.5,38,"Female","Graduate degree"
"399",2701499185,14,17,1,7624.5,20,"Female","Graduate degree"
"400",2706998787,20,18,2,49372.5,23,"Male","College"
"401",2711591101,10,9,3,29018.5,27,"Female","Graduate degree"
"402",2712877430,10,12,1,7336,26,"Female","College"
"403",2712997175,11,17,3,22615,20,"Female","High school degree or equivalent (e.g."
"404",2714407090,30,30,5,40997,19,"Male","High school degree or equivalent (e.g."
"405",2717765959,19,12,4,24408.5,24,"Male","Graduate degree"
"406",2719411920,15,12,2,33963,43,"Male","Graduate degree"
"407",2733990421,14,16,1,11318,24,"Female","Graduate degree"
"408",2736218776,10,17,1,22069,29,"Female","Basic "
"409",2745703923,11,18,3,17062,28,"Male","Graduate degree"
"410",2757386229,19,19,3,67511.5,28,"Male","High school degree or equivalent (e.g."
"411",2774371930,11,17,4,29953.5,28,"Female","Graduate degree"
"412",2775383021,35,34,1,75359.5,19,"Female","High school degree or equivalent (e.g."
"413",2784754155,19,23,5,19037.5,20,"Male","High school degree or equivalent (e.g."
"414",2788995715,21,22,4,59161.5,23,"Male","College"
"415",2796124256,27,15,5,18100.5,25,"Female","Graduate degree"
"416",2799933190,16,15,3,15023.5,27,"Female","Graduate degree"
"417",2816189464,18,20,5,16914,37,"Male","Graduate degree"
"418",2831223692,30,25,2,51143.5,43,"Female","Graduate degree"
"419",2848028017,32,29,2,26231.5,30,"Female","College"
"420",2848119632,17,26,4,71392,29,"Male","Graduate degree"
"421",2852633314,10,8,4,31671,25,"Male","Graduate degree"
"422",2853578012,49,40,3,27716,20,"Male","High school degree or equivalent (e.g."
"423",2855938504,10,12,2,49836.5,21,"Male","Graduate degree"
"424",2863710130,26,21,5,36455,18,"Male","High school degree or equivalent (e.g."
"425",2880784401,13,10,4,50577,27,"Male","College"
"426",2891377608,16,20,5,28811.5,18,"Male","High school degree or equivalent (e.g."
"427",2917177630,38,31,1,1683,20,"Female","High school degree or equivalent (e.g."
"428",2917256820,10,9,5,26088.5,31,"Female","Graduate degree"
"429",2930636025,11,9,3,26285,19,"Female","High school degree or equivalent (e.g."
"430",2930731712,10,8,2,37251.5,28,"Male","Graduate degree"
"431",2947791426,28,28,1,18981,31,"Female","Graduate degree"
"432",2963014143,18,8,1,25199,41,"Female","Graduate degree"
"433",2964019368,10,11,6,55774,28,"Female","College"
"434",2970951724,23,26,5,32353,26,"Male","Graduate degree"
"435",2972363441,13,16,1,26098.5,29,"Female","Graduate degree"
"436",2975158523,15,14,3,66213.5,44,"Female","Graduate degree"
"437",2981026928,10,14,6,34873,65,"Female","College"
"438",2986467168,10,25,2,26737,36,"Female","Graduate degree"
"439",2994304062,17,19,4,38950,32,"Male","College"
"440",3005660941,18,18,4,54875.5,21,"Female","High school degree or equivalent (e.g."
"441",3016450369,11,16,4,29061,28,"Female","College"
"442",3026426716,15,16,5,28648,27,"Male","Graduate degree"
"443",3026827387,10,11,5,31638.5,28,"Female","College"
"444",3034095436,32,26,1,15257.5,20,"Female","Graduate degree"
"445",3037195008,28,14,5,44378.5,23,"Male","College"
"446",3050219251,13,11,3,59771,31,"Male","Graduate degree"
"447",3069722744,18,21,5,45301.5,24,"Female","Graduate degree"
"448",3072656654,23,16,4,81408,27,"Male","College"
"449",3073024698,10,11,5,17915.5,18,"Male","High school degree or equivalent (e.g."
"450",3079275523,10,11,6,45515.5,32,"Female","Graduate degree"
"451",3084688381,10,8,2,19862,58,"Male","High school degree or equivalent (e.g."
"452",3091949608,15,19,0,3720,26,"Male","High school degree or equivalent (e.g."
"453",3097318098,10,14,2,29555.5,23,"Female","Graduate degree"
"454",3100595859,17,21,4,18584.5,19,"Male","College"
"455",3113232787,10,10,3,39898,24,"Female","High school degree or equivalent (e.g."
"456",3122545046,14,10,6,28889,27,"Female","College"
"457",3122871922,19,24,5,21439,19,"Female","High school degree or equivalent (e.g."
"458",3124517844,23,15,6,44656,19,"Male","High school degree or equivalent (e.g."
"459",3127248126,34,25,4,45307.5,19,"Male","High school degree or equivalent (e.g."
"460",3133026486,31,31,1,15784.5,28,"Male","Graduate degree"
"461",3134397649,12,13,4,20100,47,"Female","High school degree or equivalent (e.g."
"462",3143764176,14,13,5,18606.5,19,"Male","High school degree or equivalent (e.g."
"463",3146961231,13,18,5,61970,23,"Male","College"
"464",3154052646,24,32,5,63298.5,25,"Male","College"
"465",3170304777,35,21,0,29825.5,34,"Male","Graduate degree"
"466",3179143511,12,12,2,24040,25,"Male","Graduate degree"
"467",3190387878,10,9,5,40607.5,50,"Female","Graduate degree"
"468",3196406502,36,32,4,63881,38,"Male","Graduate degree"
"469",3197006238,15,14,5,37005.5,20,"Female","High school degree or equivalent (e.g."
"470",3204093948,10,10,1,81674.5,28,"Male","Graduate degree"
"471",3232066502,21,23,5,37896.5,20,"Male","High school degree or equivalent (e.g."
"472",3237136874,21,21,3,60305,40,"Male","Graduate degree"
"473",3249842436,12,15,3,37398,22,"Female","College"
"474",3258675598,16,17,1,9876.5,30,"Male","Graduate degree"
"475",3266823442,13,14,6,27924.5,21,"Female","College"
"476",3274002369,12,15,3,15395,45,"Male","Graduate degree"
"477",3277745956,14,14,1,3128.5,34,"Male","College"
"478",3278772720,11,14,2,33988,24,"Female","College"
"479",3282958563,13,14,2,24419.5,25,"Male","College"
"480",3283446442,12,12,3,7810.5,26,"Male","Graduate degree"
"481",3284618897,30,26,1,1661,29,"Male","Graduate degree"
"482",3287366628,34,34,0,6311.5,19,"Female","High school degree or equivalent (e.g."
"483",3290172685,13,13,0,9882,23,"Male","High school degree or equivalent (e.g."
"484",3299266540,29,31,1,10745.5,18,"Male","High school degree or equivalent (e.g."
"485",3299567775,18,23,5,18347.5,25,"Male","College"
"486",3302847358,24,16,4,39831,25,"Female","Graduate degree"
"487",3307483712,10,12,1,13767,41,"Female","Graduate degree"
"488",3317890999,38,36,2,91148,28,"Male","College"
"489",3325598782,11,16,6,18603.5,20,"Female","College"
"490",3345463040,26,22,5,31941.5,21,"Male","High school degree or equivalent (e.g."
"491",3374496205,31,22,2,3215.5,22,"Male","High school degree or equivalent (e.g."
"492",3379931824,11,11,6,33518,21,"Female","High school degree or equivalent (e.g."
"493",3380153936,34,24,2,23260,24,"Male","Graduate degree"
"494",3394370945,26,24,3,47576,41,"Male","High school degree or equivalent (e.g."
"495",3401032995,10,11,6,54492.5,25,"Female","Graduate degree"
"496",3402641445,29,24,1,2393.5,20,"Male","High school degree or equivalent (e.g."
"497",3403782137,30,23,6,34607,33,"Male","Graduate degree"
"498",3410140189,12,8,1,11872,32,"Male","College"
"499",3416144144,10,13,1,15532.5,38,"Male","High school degree or equivalent (e.g."
"500",3422395486,10,10,3,27190.5,51,"Male","College"
"501",3437353778,35,28,6,14947,40,"Male","Graduate degree"
"502",3444846391,10,8,5,17797.5,25,"Male","College"
"503",3447578705,14,20,1,24067,36,"Male","Graduate degree"
"504",3456834039,24,15,4,87643,21,"Non-binary","High school degree or equivalent (e.g."
"505",3461264368,33,35,4,45409.5,21,"Male","High school degree or equivalent (e.g."
"506",3467685250,13,17,5,16488.5,26,"Female","Graduate degree"
"507",3476247508,14,26,5,42383,58,"Male","Basic "
"508",3476723419,22,24,3,20109,32,"Male","Graduate degree"
"509",3489064268,26,28,1,23077.5,24,"Male","High school degree or equivalent (e.g."
"510",3492567052,16,9,5,65450.5,19,"Male","High school degree or equivalent (e.g."
"511",3495076840,10,10,4,26594.5,34,"Male","Graduate degree"
"512",3500642223,11,9,3,26088.5,77,"Male","Graduate degree"
"513",3504062147,20,17,1,27678.5,27,"Male","High school degree or equivalent (e.g."
"514",3519296281,31,31,1,19350.5,27,"Female","College"
"515",3534450862,30,29,6,39370.5,29,"Female","Graduate degree"
"516",3540991663,15,16,2,18140.5,25,"Female","Graduate degree"
"517",3576867130,11,9,3,18536.5,50,"Male","Graduate degree"
"518",3594089886,15,13,4,42004.5,35,"Male","Graduate degree"
"519",3605933593,16,25,4,29024,28,"Female","Graduate degree"
"520",3612200343,11,17,1,18204.5,31,"Female","College"
"521",3638633148,15,16,6,23640,23,"Male","Graduate degree"
"522",3640809896,26,14,3,19288.5,36,"Female","Graduate degree"
"523",3649191982,22,23,0,4692.5,27,"Female","College"
"524",3656078931,18,18,1,21520,34,"Male","Graduate degree"
"525",3658479246,12,17,4,47933,35,"Female","College"
"526",3660426139,11,16,0,8989,20,"Male","College"
"527",3661013796,10,11,4,29148.5,27,"Female","Graduate degree"
"528",3663171025,20,17,3,15779,28,"Male","Graduate degree"
"529",3668381252,15,14,1,5252,26,"Male","Graduate degree"
"530",3672088756,21,17,4,22167.5,18,"Female","Basic "
"531",3674102373,11,14,1,7937,29,"Female","High school degree or equivalent (e.g."
"532",3675444933,19,19,5,29604,19,"Female","High school degree or equivalent (e.g."
"533",3676172971,26,18,1,30238.5,35,"Male","Graduate degree"
"534",3681278708,20,24,4,68803.5,33,"Male","High school degree or equivalent (e.g."
"535",3699580232,12,25,3,59743,26,"Male","High school degree or equivalent (e.g."
"536",3711035679,14,10,0,3681.5,36,"Male","High school degree or equivalent (e.g."
"537",3717523329,34,34,2,15348,19,"Male","High school degree or equivalent (e.g."
"538",3723315354,11,12,3,64956,35,"Female","High school degree or equivalent (e.g."
"539",3726396715,30,28,1,19806.5,29,"Female","Graduate degree"
"540",3733424899,11,18,1,18291.5,23,"Male","College"
"541",3743269413,10,8,4,30604,30,"Female","Graduate degree"
"542",3745016997,10,19,2,49895.5,27,"Male","College"
"543",3751032475,10,16,6,27773,25,"Female","Graduate degree"
"544",3756345337,11,13,1,13571.5,26,"Male","Graduate degree"
"545",3757909181,14,16,1,38171.5,20,"Male","High school degree or equivalent (e.g."
"546",3761007643,23,18,3,38659,27,"Male","College"
"547",3774396135,11,14,4,47100.5,41,"Male","Graduate degree"
"548",3784172283,10,19,5,40180,32,"Male","High school degree or equivalent (e.g."
"549",3787983431,10,9,3,11584.5,52,"Female","Graduate degree"
"550",3788334250,19,30,2,74271,49,"Male","Graduate degree"
"551",3790089340,14,10,3,13860,22,"Female","College"
"552",3816204510,10,13,5,45682,22,"Male","College"
"553",3824394440,10,8,5,6241.5,24,"Male","Graduate degree"
"554",3830525031,10,21,4,32721,20,"Female","High school degree or equivalent (e.g."
"555",3845030532,16,26,3,69813,27,"Male","College"
"556",3847730068,29,21,4,18691,29,"Male","High school degree or equivalent (e.g."
"557",3849700235,13,18,3,22477,21,"Female","College"
"558",3859611776,30,23,4,47714.5,19,"Male","Basic "
"559",3865173589,14,18,3,35347.5,18,"Male","High school degree or equivalent (e.g."
"560",3867023125,16,30,2,30972.5,27,"Male","Graduate degree"
"561",3869046833,31,24,6,47221.5,19,"Male","High school degree or equivalent (e.g."
"562",3875042594,24,21,6,38331.5,18,"Male","High school degree or equivalent (e.g."
"563",3875787928,10,8,4,51330,29,"Male","Graduate degree"
"564",3882251199,24,24,0,1844,24,"Male","High school degree or equivalent (e.g."
"565",3890211444,13,13,1,3821.5,19,"Male","High school degree or equivalent (e.g."
"566",3891677701,17,21,4,35050.5,40,"Female","Graduate degree"
"567",3897454537,19,23,6,23026.5,21,"Male","High school degree or equivalent (e.g."
"568",3901823429,12,16,3,27921,18,"Male","High school degree or equivalent (e.g."
"569",3906710584,12,21,5,31258,20,"Female","High school degree or equivalent (e.g."
"570",3912017490,17,17,2,15372.5,18,"Male","College"
"571",3915487175,28,25,4,21558.5,18,"Female","High school degree or equivalent (e.g."
"572",3924269630,11,16,2,30084.5,26,"Female","College"
"573",3935780635,11,9,6,22220.5,34,"Male","Graduate degree"
"574",3938869027,18,15,4,37068.5,19,"Female","High school degree or equivalent (e.g."
"575",3953980275,16,11,5,17518.5,20,"Male","High school degree or equivalent (e.g."
"576",3956149403,10,9,4,54085,36,"Male","Basic "
"577",3968072336,13,13,4,16647.5,26,"Male","Graduate degree"
"578",3976979705,13,25,0,23080.5,22,"Female","College"
"579",3978031966,10,9,1,23868,67,"Male","College"
"580",3979780585,10,8,1,7298.5,70,"Female","College"
"581",4000621054,10,8,2,23212,24,"Female","Graduate degree"
"582",4002175749,41,26,2,5119.5,29,"Male","College"
"583",4007406310,22,17,5,39701,36,"Female","Graduate degree"
"584",4010655092,13,13,4,21591.5,22,"Male","High school degree or equivalent (e.g."
"585",4017312667,20,26,4,21046,18,"Female","High school degree or equivalent (e.g."
"586",4020779884,10,10,6,27164,31,"Male","College"
"587",4023669021,16,10,4,59040,28,"Male","Graduate degree"
"588",4024774454,15,21,2,18162,41,"Female","Graduate degree"
"589",4026495181,30,24,1,1534,19,"Other","College"
"590",4028006196,10,8,6,9789.5,21,"Male","College"
"591",4030513156,10,9,3,21900,27,"Female","Graduate degree"
"592",4037102776,33,28,5,21568.5,33,"Female","High school degree or equivalent (e.g."
"593",4042218916,36,29,2,21566.5,34,"Male","Graduate degree"
"594",4043198905,14,11,3,25179.5,48,"Female","Graduate degree"
"595",4048886538,11,22,5,24907.5,34,"Female","Graduate degree"
"596",4049387062,22,11,3,22527,18,"Male","College"
"597",4050274782,20,21,4,13891,19,"Female","College"
"598",4052612005,10,12,2,11149,21,"Male","Graduate degree"
"599",4057557309,24,25,5,69592.5,23,"Male","Graduate degree"
"600",4074027833,43,34,3,34772,21,"Male","High school degree or equivalent (e.g."
"601",4088914671,10,14,2,7827.5,25,"Male","Graduate degree"
"602",4088988733,26,18,5,35799.5,33,"Male","Basic "
"603",4089642939,22,24,2,28626.5,28,"Female","College"
"604",4090868023,10,8,3,20128,61,"Female","High school degree or equivalent (e.g."
"605",4118601709,14,16,6,20237.5,22,"Male","College"
"606",4121090152,12,11,4,22594.5,23,"Male","College"
"607",4126587400,15,23,6,36380.5,22,"Female","High school degree or equivalent (e.g."
"608",4136570707,10,13,2,22171.5,30,"Male","Graduate degree"
"609",4139368474,10,16,1,5999,39,"Female","High school degree or equivalent (e.g."
"610",4142350141,18,20,6,13791.5,26,"Male","High school degree or equivalent (e.g."
"611",4144415982,17,20,3,29789,21,"Female","College"
"612",4148907141,10,11,2,26251.5,24,"Female","Graduate degree"
"613",4155663306,13,10,4,42282.5,29,"Male","College"
"614",4170023204,11,13,5,37871.5,22,"Female","High school degree or equivalent (e.g."
"615",4170783700,10,10,6,31420.5,24,"Male","High school degree or equivalent (e.g."
"616",4171121549,17,25,2,11088.5,20,"Male","Basic "
"617",4175357243,12,26,3,56856.5,42,"Male","Graduate degree"
"618",4176486673,11,11,3,13297,30,"Male","High school degree or equivalent (e.g."
"619",4188485238,40,37,5,22782.5,18,"Male","High school degree or equivalent (e.g."
"620",4190993523,15,16,6,36264.5,25,"Male","High school degree or equivalent (e.g."
"621",4194061497,18,14,5,59682,23,"Female","Graduate degree"
"622",4221783656,20,36,1,4467.5,34,"Male","Graduate degree"
"623",4226480936,13,15,4,24026.5,33,"Female","College"
"624",4241835147,16,15,3,37452.5,24,"Male","High school degree or equivalent (e.g."
"625",4244684635,12,14,3,12083,19,"Female","High school degree or equivalent (e.g."
"626",4263894795,32,26,3,19364.5,19,"Male","High school degree or equivalent (e.g."
"627",4267934170,22,18,5,25763.5,21,"Female","College"
"628",4273048647,10,8,6,23267,40,"Male","Graduate degree"
"629",4273382549,10,10,3,48671,21,"Male","Graduate degree"
"630",4275240622,23,27,3,28290.5,19,"Female","High school degree or equivalent (e.g."
"631",4275586285,28,18,3,17028,19,"Male","College"
"632",4280022456,26,25,4,37662,22,"Female","High school degree or equivalent (e.g."
"633",4283978721,10,10,6,29303,21,"Male","High school degree or equivalent (e.g."
"634",4284465533,26,25,1,4202.5,20,"Male","College"
"635",4293593192,11,10,4,31114,28,"Male","College"
"636",4300765953,33,32,1,20215,44,"Female","Graduate degree"
"637",4301961819,10,8,3,25627.5,55,"Female","Graduate degree"
"638",4303887830,17,25,3,16987,24,"Female","High school degree or equivalent (e.g."
"639",4307335492,30,28,5,12727,20,"Male","High school degree or equivalent (e.g."
"640",4307391258,10,8,3,42330.5,53,"Female","College"
"641",4310370043,16,13,4,44906,22,"Male","College"
"642",4312053400,26,21,3,9108,21,"Male","College"
"643",4320426999,10,8,0,33984.5,66,"Male","College"
"644",4321999589,14,13,4,37272.5,27,"Male","College"
"645",4322770638,31,29,1,11450,45,"Male","Graduate degree"
"646",4324933117,14,14,2,74685.5,25,"Male","High school degree or equivalent (e.g."
"647",4328821351,10,11,0,15274.5,25,"Male","Graduate degree"
"648",4370805080,12,15,0,34720,62,"Female","College"
"649",4373442472,29,27,3,16695.5,21,"Male","High school degree or equivalent (e.g."
"650",4375215797,24,24,3,40893.5,19,"Male","College"
"651",4375753475,16,13,1,1946.5,19,"Male","High school degree or equivalent (e.g."
"652",4376284835,20,16,5,40714.5,20,"Male","College"
"653",4377978627,13,13,6,22873.5,29,"Male","Graduate degree"
"654",4398487924,13,10,4,24770.5,70,"Male","College"
"655",4398658604,11,19,6,30221,27,"Male","Graduate degree"
"656",4402490514,14,11,5,192914.5,18,"Male","High school degree or equivalent (e.g."
"657",4422016260,20,24,3,9048,75,"Male","Basic "
"658",4425694588,14,19,6,71368,24,"Male","Graduate degree"
"659",4434820990,11,14,5,56146,33,"Female","Graduate degree"
"660",4437728556,10,12,5,19005,24,"Male","College"
"661",4439044289,14,17,5,75059.5,23,"Male","College"
"662",4444152271,23,15,6,31998.5,24,"Male","Graduate degree"
"663",4449638176,25,22,3,50813,22,"Female","College"
"664",4454254676,42,25,1,7063.5,30,"Male","Graduate degree"
"665",4481238036,13,11,6,23266,30,"Male","College"
"666",4493936965,27,24,1,12085,31,"Female","Graduate degree"
"667",4502375666,26,27,4,39035,28,"Male","Graduate degree"
"668",4506023858,10,8,2,6982,32,"Male","College"
"669",4510250238,10,11,4,39804.5,24,"Male","Graduate degree"
"670",4514208249,10,11,0,26146,35,"Female","Graduate degree"
"671",4518219056,10,8,2,23356.5,42,"Male","College"
"672",4530733413,37,29,4,29020.5,21,"Male","High school degree or equivalent (e.g."
"673",4561655233,14,15,4,26641,21,"Male","College"
"674",4564424514,15,17,6,30210.5,36,"Female","College"
"675",4572389050,16,24,4,23525,23,"Female","College"
"676",4577136798,20,23,5,63820,31,"Female","College"
"677",4580529486,15,24,5,52360,21,"Male","College"
"678",4587047087,13,18,2,13590.5,20,"Male","High school degree or equivalent (e.g."
"679",4597934606,14,18,5,31186.5,32,"Male","High school degree or equivalent (e.g."
"680",4600128752,10,8,3,61191.5,24,"Female","High school degree or equivalent (e.g."
"681",4603986520,28,26,2,8128,19,"Female","High school degree or equivalent (e.g."
"682",4618125197,16,23,6,15271,24,"Female","High school degree or equivalent (e.g."
"683",4628588162,10,16,5,20528.5,19,"Female","High school degree or equivalent (e.g."
"684",4632468841,12,12,3,22715.5,19,"Male","High school degree or equivalent (e.g."
"685",4638628380,11,10,1,4473,23,"Female","College"
"686",4640932360,10,16,4,42854,18,"Male","High school degree or equivalent (e.g."
"687",4644949820,11,13,4,43981,20,"Male","High school degree or equivalent (e.g."
"688",4658261408,34,11,1,33851.5,25,"Male","College"
"689",4665896050,19,16,5,27380,22,"Male","High school degree or equivalent (e.g."
"690",4669460122,10,13,5,18621.5,25,"Female","College"
"691",4674573527,10,8,3,38769,22,"Male","College"
"692",4675816998,10,8,2,50124,67,"Male","High school degree or equivalent (e.g."
"693",4689276340,14,11,1,12501,32,"Female","High school degree or equivalent (e.g."
"694",4691423914,18,30,3,24697,28,"Female","Graduate degree"
"695",4691443129,13,19,3,33868,31,"Female","College"
"696",4695664330,30,24,1,28300,35,"Female","Graduate degree"
"697",4700859381,36,19,6,29294,24,"Male","Graduate degree"
"698",4701955087,11,13,3,24781,41,"Male","High school degree or equivalent (e.g."
"699",4707017351,17,22,5,27648,20,"Male","High school degree or equivalent (e.g."
"700",4716456393,11,9,0,12967,51,"Female","High school degree or equivalent (e.g."
"701",4723558709,10,9,1,14868,51,"Female","High school degree or equivalent (e.g."
"702",4726912496,23,20,3,13322.5,23,"Male","High school degree or equivalent (e.g."
"703",4731059990,23,8,3,73629,20,"Male","High school degree or equivalent (e.g."
"704",4733007682,14,13,2,24415.5,20,"Female","College"
"705",4733232719,14,17,4,73229,24,"Female","Graduate degree"
"706",4734772806,19,16,1,13261.5,22,"Male","Basic "
"707",4735419423,21,10,2,51458,27,"Female","Graduate degree"
"708",4743567481,10,8,2,23342.5,44,"Female","College"
"709",4749811549,10,10,5,38044,29,"Female","High school degree or equivalent (e.g."
"710",4763257181,15,16,2,15042,35,"Female","Graduate degree"
"711",4763478525,10,12,2,66449,55,"Female","High school degree or equivalent (e.g."
"712",4764078045,22,24,5,47847,20,"Male","High school degree or equivalent (e.g."
"713",4777685759,26,25,6,12773,22,"Female","College"
"714",4778112175,13,26,6,19532,20,"Male","High school degree or equivalent (e.g."
"715",4783908356,12,14,3,16805,26,"Male","High school degree or equivalent (e.g."
"716",4785199832,14,18,6,32112,20,"Female","High school degree or equivalent (e.g."
"717",4787222195,17,16,4,48029.5,34,"Female","Graduate degree"
"718",4808337775,12,18,4,39926.5,22,"Male","College"
"719",4811233284,20,18,1,13240,28,"Female","High school degree or equivalent (e.g."
"720",4812659837,11,14,4,42232.5,36,"Male","Graduate degree"
"721",4813924366,17,15,5,29780.5,26,"Male","Basic "
"722",4818749832,33,29,1,43740.5,30,"Male","College"
"723",4824916939,15,14,6,68795,32,"Male","Graduate degree"
"724",4826305343,10,10,2,10301.5,41,"Female","High school degree or equivalent (e.g."
"725",4842955744,13,22,1,35118,42,"Female","Graduate degree"
"726",4879725500,29,14,4,64566,35,"Female","Graduate degree"
"727",4886273073,10,11,1,21187.5,58,"Female","College"
"728",4890353084,22,32,5,25068,21,"Female","High school degree or equivalent (e.g."
"729",4891532893,10,15,4,33786,42,"Female","Graduate degree"
"730",4908926967,10,8,3,21754.5,22,"Male","High school degree or equivalent (e.g."
"731",4917928824,24,29,3,21072,23,"Female","High school degree or equivalent (e.g."
"732",4918327990,16,24,6,27840.5,29,"Male","High school degree or equivalent (e.g."
"733",4932596473,13,10,4,44119.5,58,"Female","Graduate degree"
"734",4936465235,10,8,3,19188,46,"Female","High school degree or equivalent (e.g."
"735",4942311269,10,8,6,27693,30,"Male","High school degree or equivalent (e.g."
"736",4942334685,34,28,1,15055.5,25,"Male","High school degree or equivalent (e.g."
"737",4942947312,20,19,4,21390,21,"Female","College"
"738",4945354447,22,16,3,25167.5,23,"Male","High school degree or equivalent (e.g."
"739",4948279452,13,15,2,16614.5,19,"Male","College"
"740",4949670471,35,29,1,10147.5,21,"Female","Graduate degree"
"741",4958507283,12,11,4,18754,31,"Female","College"
"742",4958807842,24,26,2,18716,43,"Female","College"
"743",4978141961,15,19,1,24182,30,"Male","College"
"744",4979734271,11,21,5,27702,25,"Female","College"
"745",4991932671,15,16,5,30326.5,50,"Male","Graduate degree"
"746",4997757604,22,26,3,42305,44,"Female","Graduate degree"
"747",5003980958,17,23,3,33133,18,"Male","Prefer not to say"
"748",5010997003,25,26,0,20148.5,25,"Male","Graduate degree"
"749",5012795825,19,28,5,19622,20,"Male","High school degree or equivalent (e.g."
"750",5021564534,33,26,6,32976,22,"Male","High school degree or equivalent (e.g."
"751",5022643353,11,10,0,10820.5,76,"Female","High school degree or equivalent (e.g."
"752",5044899640,12,16,5,27744,48,"Prefer not to say","Prefer not to say"
"753",5055589435,22,26,2,51349.5,25,"Male","Graduate degree"
"754",5080229848,10,20,3,19803,21,"Male","Graduate degree"
"755",5088070902,10,8,6,58980.5,35,"Female","High school degree or equivalent (e.g."
"756",5089051399,21,19,2,7972,27,"Female","Graduate degree"
"757",5091598957,31,28,0,15746,25,"Female","Graduate degree"
"758",5100203036,36,31,4,20685,29,"Female","High school degree or equivalent (e.g."
"759",5106459176,16,31,3,35035.5,24,"Female","College"
"760",5112794620,13,11,2,15325.5,30,"Non-binary","High school degree or equivalent (e.g."
"761",5113857003,21,20,2,41934.5,29,"Female","College"
"762",5116787919,10,8,2,6659.5,32,"Female","College"
"763",5121360996,27,21,5,23355,19,"Male","High school degree or equivalent (e.g."
"764",5142044945,23,27,4,21012,25,"Male","College"
"765",5142344177,24,20,6,36335.5,23,"Male","College"
"766",5146655593,17,12,4,32742.5,24,"Male","College"
"767",5166558421,10,9,5,26758.5,21,"Male","High school degree or equivalent (e.g."
"768",5172233353,14,11,4,41942,58,"Female","High school degree or equivalent (e.g."
"769",5173148851,14,12,1,11865.5,40,"Male","College"
"770",5173620074,15,14,3,24111.5,19,"Male","High school degree or equivalent (e.g."
"771",5196624552,28,20,5,37361,25,"Male","Prefer not to say"
"772",5210267039,22,18,3,35946,20,"Male","Graduate degree"
"773",5219484380,13,9,2,22979.5,36,"Female","Graduate degree"
"774",5219654205,10,8,4,18200.5,28,"Male","Graduate degree"
"775",5225980731,17,18,3,21944,30,"Male","Graduate degree"
"776",5231649207,10,11,1,14001.5,43,"Female","College"
"777",5232092063,10,8,0,8254.5,22,"Prefer not to say","Prefer not to say"
"778",5233329415,10,9,1,33433.5,24,"Female","College"
"779",5235783702,23,25,5,28631.5,21,"Male","High school degree or equivalent (e.g."
"780",5237061351,11,10,3,58404,22,"Male","High school degree or equivalent (e.g."
"781",5259080778,28,23,5,43177,22,"Female","Basic "
"782",5265218861,19,17,0,10898,37,"Female","College"
"783",5269166906,16,24,1,7374,21,"Female","High school degree or equivalent (e.g."
"784",5270104110,17,19,5,51050.5,20,"Male","College"
"785",5274935338,11,9,6,27470,26,"Male","Graduate degree"
"786",5275478237,35,32,5,57230.5,18,"Female","High school degree or equivalent (e.g."
"787",5276601475,11,8,4,34121.5,47,"Female","College"
"788",5278092316,38,34,5,24918,21,"Male","College"
"789",5289988663,20,11,4,26833.5,18,"Male","High school degree or equivalent (e.g."
"790",5296525800,11,10,3,20286.5,24,"Female","Graduate degree"
"791",5299153581,10,11,4,55666,38,"Male","Graduate degree"
"792",5302275994,13,12,2,112555.5,44,"Female","High school degree or equivalent (e.g."
"793",5315394522,30,21,3,25566,31,"Male","College"
"794",5318379395,26,29,2,14335.5,20,"Female","High school degree or equivalent (e.g."
"795",5324608107,35,28,5,22697.5,25,"Male","Graduate degree"
"796",5331467008,20,20,6,72291.5,19,"Male","High school degree or equivalent (e.g."
"797",5343580615,16,12,3,32780,22,"Female","High school degree or equivalent (e.g."
"798",5344600363,11,11,5,26311,25,"Female","Graduate degree"
"799",5361300184,33,25,5,44917,27,"Male","College"
"800",5362463014,10,10,3,20796,21,"Female","Graduate degree"
"801",5371538975,23,21,2,37846,19,"Male","College"
"802",5375635892,36,24,2,26458.5,41,"Male","Graduate degree"
"803",5376934308,10,12,0,44071,25,"Female","Graduate degree"
"804",5381598591,27,24,4,52002,19,"Female","College"
"805",5390663919,32,23,1,30344,23,"Female","College"
"806",5400594115,32,27,3,20960,22,"Male","High school degree or equivalent (e.g."
"807",5405217832,14,17,6,42483,20,"Male","High school degree or equivalent (e.g."
"808",5413981774,10,8,3,23747,29,"Male","Graduate degree"
"809",5419580513,22,24,6,41049.5,26,"Female","Graduate degree"
"810",5421503119,27,13,2,11266.5,30,"Female","Graduate degree"
"811",5424224952,15,26,3,28563.5,19,"Male","High school degree or equivalent (e.g."
"812",5425410802,32,28,4,21127.5,24,"Female","Graduate degree"
"813",5433628312,38,32,1,4420,34,"Female","College"
"814",5436475792,13,10,4,34711.5,50,"Male","Graduate degree"
"815",5442592951,13,12,2,28044.5,24,"Female","Graduate degree"
"816",5445847946,10,15,5,25724.5,25,"Male","Graduate degree"
"817",5456594080,27,29,3,16607.5,22,"Male","College"
"818",5462201978,23,19,0,10771,35,"Female","College"
"819",5471954293,20,27,1,10040.5,24,"Female","College"
"820",5475313681,37,28,5,26517.5,23,"Male","High school degree or equivalent (e.g."
"821",5481896205,18,15,3,23622.5,22,"Male","Graduate degree"
"822",5494101607,11,8,4,19854,44,"Female","Graduate degree"
"823",5503843097,10,8,1,23254.5,23,"Male","College"
"824",5504415016,16,11,2,18668.5,26,"Male","College"
"825",5515192761,24,21,4,86172,31,"Male","College"
"826",5515210149,10,9,6,18999.5,25,"Female","Graduate degree"
"827",5525393628,11,11,3,48311.5,29,"Male","Prefer not to say"
"828",5526313090,17,11,0,46129,62,"Male","College"
"829",5530404294,22,24,5,31209.5,20,"Male","High school degree or equivalent (e.g."
"830",5531116066,14,20,6,29380,25,"Female","Graduate degree"
"831",5532366139,10,9,3,28137,38,"Female","High school degree or equivalent (e.g."
"832",5537174833,10,8,2,44996.5,60,"Female","High school degree or equivalent (e.g."
"833",5559360833,14,19,6,23091,26,"Female","College"
"834",5566440044,10,8,0,6287.5,20,"Female","College"
"835",5568612461,10,8,4,61510,30,"Male","Graduate degree"
"836",5574590349,30,28,4,26399.5,19,"Female","High school degree or equivalent (e.g."
"837",5581495729,27,32,0,6700.5,32,"Female","High school degree or equivalent (e.g."
"838",5585064651,26,19,0,7760.5,18,"Male","High school degree or equivalent (e.g."
"839",5594933932,10,9,5,43831.5,26,"Female","Graduate degree"
"840",5595715852,10,9,4,31715,35,"Female","College"
"841",5602678759,46,22,4,19516.5,23,"Male","Graduate degree"
"842",5607719077,10,12,1,9233.5,43,"Male","High school degree or equivalent (e.g."
"843",5608000424,10,9,5,20888,34,"Male","College"
"844",5629249606,10,13,3,25548.5,23,"Female","College"
"845",5630224481,11,14,6,69085,29,"Female","Graduate degree"
"846",5631070807,10,8,4,17840,35,"Female","High school degree or equivalent (e.g."
"847",5631983809,10,11,3,49032,23,"Male","College"
"848",5636198236,25,19,3,38023.5,37,"Male","High school degree or equivalent (e.g."
"849",5643315427,10,13,3,42740.5,23,"Male","College"
"850",5644026814,10,13,5,47482.5,31,"Female","Graduate degree"
"851",5644138738,12,26,4,43876,20,"Male","High school degree or equivalent (e.g."
"852",5659558175,28,27,1,29027,19,"Male","High school degree or equivalent (e.g."
"853",5662002639,29,22,6,23773.5,20,"Male","High school degree or equivalent (e.g."
"854",5665632896,10,8,3,48291.5,28,"Male","College"
"855",5667853303,17,21,5,28940.5,31,"Female","College"
"856",5668191656,26,19,1,31557,18,"Male","High school degree or equivalent (e.g."
"857",5680609301,16,33,1,75336,27,"Male","Graduate degree"
"858",5687262854,11,15,5,36389,40,"Male","Graduate degree"
"859",5704689413,19,11,3,26914.5,40,"Female","Graduate degree"
"860",5719938961,39,28,6,96159.5,29,"Female","Graduate degree"
"861",5726718204,17,24,1,1011.5,19,"Male","High school degree or equivalent (e.g."
"862",5728482779,25,18,4,19295.5,19,"Male","High school degree or equivalent (e.g."
"863",5729318591,12,9,0,13609.5,31,"Female","College"
"864",5730847932,10,8,0,22392,71,"Male","Graduate degree"
"865",5735062604,14,14,4,50258,19,"Male","High school degree or equivalent (e.g."
"866",5738214912,21,25,1,11182.5,20,"Male","Basic "
"867",5741044850,17,12,4,55613.5,23,"Female","Graduate degree"
"868",5742332161,20,17,5,30486,27,"Male","Graduate degree"
"869",5743644464,10,10,2,25214.5,26,"Female","Graduate degree"
"870",5748527331,25,24,4,22780,27,"Male","High school degree or equivalent (e.g."
"871",5752470636,30,26,3,13231.5,30,"Male","College"
"872",5753072332,17,19,2,49839,21,"Male","Graduate degree"
"873",5753479391,11,19,3,24383.5,18,"Male","High school degree or equivalent (e.g."
"874",5763613554,12,13,1,15868.5,30,"Female","Graduate degree"
"875",5771001261,23,17,3,49694.5,23,"Male","High school degree or equivalent (e.g."
"876",5773605552,31,29,6,69408,29,"Male","College"
"877",5782077442,15,10,3,66764.5,27,"Male","College"
"878",5785937670,15,25,3,19330.5,36,"Female","Graduate degree"
"879",5796753374,11,15,3,30051.5,34,"Male","High school degree or equivalent (e.g."
"880",5809560031,12,11,4,55504,31,"Female","Graduate degree"
"881",5811138309,11,11,3,17872,19,"Male","High school degree or equivalent (e.g."
"882",5811883232,43,15,2,19185,34,"Male","College"
"883",5812686269,12,10,0,31716.5,45,"Female","Graduate degree"
"884",5812798837,10,14,6,32918.5,26,"Male","Graduate degree"
"885",5838381062,33,22,5,69704.5,19,"Male","High school degree or equivalent (e.g."
"886",5848270341,11,10,1,20108.5,53,"Female","College"
"887",5851749423,10,10,3,37091,34,"Male","Graduate degree"
"888",5853649879,16,24,6,22886.5,23,"Female","High school degree or equivalent (e.g."
"889",5863776957,28,24,3,50862,30,"Female","Graduate degree"
"890",5872644207,22,24,5,21470,20,"Male","High school degree or equivalent (e.g."
"891",5881587351,30,28,0,12433,33,"Male","High school degree or equivalent (e.g."
"892",5884128799,10,9,4,47215.5,52,"Male","High school degree or equivalent (e.g."
"893",5898385710,13,14,2,17852,48,"Female","Basic "
"894",5900419221,11,10,3,25010,45,"Male","College"
"895",5901051248,18,22,4,27700.5,27,"Male","Graduate degree"
"896",5903173665,10,10,4,55964,18,"Male","High school degree or equivalent (e.g."
"897",5911869542,34,25,2,22618,19,"Male","High school degree or equivalent (e.g."
"898",5912271268,22,30,6,33763,22,"Male","Graduate degree"
"899",5919415484,12,15,3,37687,18,"Male","High school degree or equivalent (e.g."
"900",5937194708,23,24,2,17605.5,61,"Female","High school degree or equivalent (e.g."
"901",5942648041,25,19,5,29000,19,"Male","Basic "
"902",5950598795,10,12,5,22818.5,34,"Male","Graduate degree"
"903",5954860313,10,8,5,162126,35,"Male","Graduate degree"
"904",5971760663,15,13,4,24544,22,"Female","Graduate degree"
"905",5972532590,10,11,4,23427.5,40,"Female","College"
"906",5986134814,45,30,2,21487,38,"Male","High school degree or equivalent (e.g."
"907",5993580470,19,14,0,21819.5,21,"Male","High school degree or equivalent (e.g."
"908",5999714344,20,20,5,37470,33,"Female","Graduate degree"
"909",6010942097,39,40,1,17131.5,18,"Male","High school degree or equivalent (e.g."
"910",6012424717,25,21,5,115916,48,"Female","Graduate degree"
"911",6021362623,21,18,2,47748,18,"Male","High school degree or equivalent (e.g."
"912",6026364698,16,13,4,13230,22,"Female","College"
"913",6035914471,31,24,4,13539,18,"Female","High school degree or equivalent (e.g."
"914",6041006217,15,13,2,28957,31,"Male","College"
"915",6051305869,19,27,6,31736.5,21,"Male","Graduate degree"
"916",6061193700,11,17,0,12697,40,"Male","High school degree or equivalent (e.g."
"917",6062789323,16,17,4,40656,19,"Male","High school degree or equivalent (e.g."
"918",6072378883,11,13,2,15397.5,49,"Female","College"
"919",6082941120,11,17,6,39131.5,29,"Male","Graduate degree"
"920",6089154850,17,18,6,26441.5,22,"Male","College"
"921",6091324916,29,33,2,19034.5,21,"Male","High school degree or equivalent (e.g."
"922",6099276978,32,25,2,24671.5,26,"Male","College"
"923",6131926364,11,12,3,30432.5,23,"Male","College"
"924",6133693743,50,40,3,791,18,"Female","Basic "
"925",6142548177,29,32,4,5883,32,"Male","Graduate degree"
"926",6148283523,27,19,3,16060.5,20,"Male","High school degree or equivalent (e.g."
"927",6148443607,10,10,2,15017,28,"Female","Graduate degree"
"928",6150083951,17,13,1,16081.5,34,"Female","Graduate degree"
"929",6150873091,10,8,2,19052.5,58,"Male","High school degree or equivalent (e.g."
"930",6175363949,14,15,4,60959.5,34,"Male","Graduate degree"
"931",6178024030,18,17,3,30318.5,38,"Male","Graduate degree"
"932",6189950971,10,8,3,32054,27,"Female","College"
"933",6202028654,18,21,2,35699.5,20,"Male","High school degree or equivalent (e.g."
"934",6234863549,33,31,2,41397.5,37,"Female","College"
"935",6241581900,19,19,1,11471.5,21,"Female","Graduate degree"
"936",6255671561,24,24,0,57321,37,"Female","Graduate degree"
"937",6257150231,17,31,5,45291.5,20,"Male","College"
"938",6262631104,13,27,6,57091.5,22,"Male","High school degree or equivalent (e.g."
"939",6263147704,17,16,3,12786.5,30,"Female","High school degree or equivalent (e.g."
"940",6265313019,29,20,5,16341.5,24,"Female","Graduate degree"
"941",6272051373,10,15,1,24895,52,"Female","Basic "
"942",6289314318,24,26,2,22805,30,"Female","Graduate degree"
"943",6291412957,14,13,6,19964,20,"Male","High school degree or equivalent (e.g."
"944",6293311773,10,10,5,28799,43,"Female","Graduate degree"
"945",6300819019,10,8,6,31705,35,"Male","High school degree or equivalent (e.g."
"946",6308571411,15,22,4,96178,25,"Male","College"
"947",6313658978,25,23,6,36450.5,23,"Male","Graduate degree"
"948",6316261925,11,14,5,35027.5,24,"Female","Graduate degree"
"949",6336500701,15,17,3,24569,24,"Male","Graduate degree"
"950",6339262900,36,30,1,59433.5,23,"Male","Graduate degree"
"951",6342419190,10,11,1,9202,25,"Male","High school degree or equivalent (e.g."
"952",6358259545,25,20,1,6749,25,"Male","Graduate degree"
"953",6360851525,19,22,5,21800,23,"Male","College"
"954",6367015748,16,17,5,68725,22,"Male","College"
"955",6367548074,14,22,3,15362.5,27,"Male","Graduate degree"
"956",6378939682,14,17,0,7292,37,"Male","College"
"957",6386025789,12,17,0,23973.5,29,"Female","Graduate degree"
"958",6396440262,10,8,0,7400.5,29,"Male","Graduate degree"
"959",6397979772,19,22,2,34626,20,"Male","College"
"960",6401040124,13,22,3,17961.5,38,"Female","College"
"961",6405180501,21,21,5,26719.5,26,"Male","Graduate degree"
"962",6408266770,17,16,3,33715.5,20,"Male","College"
"963",6409682247,15,12,1,8495,21,"Male","College"
"964",6413815620,11,15,5,49531.5,31,"Female","Graduate degree"
"965",6415266020,16,15,5,45458.5,45,"Male","High school degree or equivalent (e.g."
"966",6435587732,14,22,4,54181,23,"Male","High school degree or equivalent (e.g."
"967",6435840233,11,10,4,29762,54,"Female","College"
"968",6436041457,15,15,0,6478.5,32,"Male","Graduate degree"
"969",6438392229,24,22,6,37577,18,"Male","Basic "
"970",6447527813,11,11,3,20481.5,26,"Female","Graduate degree"
"971",6449502338,12,16,5,21366,22,"Male","Graduate degree"
"972",6458369560,15,18,5,42756,23,"Female","Graduate degree"
"973",6459404287,13,22,5,25379,30,"Male","High school degree or equivalent (e.g."
"974",6462364486,11,25,5,25274.5,26,"Female","Graduate degree"
"975",6464435254,13,15,5,26565,19,"Male","High school degree or equivalent (e.g."
"976",6474203907,10,9,3,8770,31,"Male","College"
"977",6491545382,26,31,1,14717,22,"Female","Graduate degree"
"978",6498440828,19,25,2,51227,31,"Male","College"
"979",6510970733,39,32,4,67799.5,32,"Male","Graduate degree"
"980",6516526764,11,13,4,29511.5,24,"Male","Graduate degree"
"981",6528407741,11,10,5,22949,30,"Female","Graduate degree"
"982",6528672127,35,26,1,99153.5,37,"Male","College"
"983",6530706381,14,18,1,16418.5,36,"Female","Graduate degree"
"984",6533369765,10,11,3,50723.5,24,"Male","College"
"985",6549324451,22,17,6,28680.5,34,"Female","High school degree or equivalent (e.g."
"986",6559720162,11,14,3,20754.5,27,"Male","College"
"987",6561114939,12,11,5,60613.5,32,"Male","Graduate degree"
"988",6562981595,32,27,5,10609.5,41,"Male","Graduate degree"
"989",6575947049,10,8,5,26956,24,"Male","Graduate degree"
"990",6582768349,41,27,3,19019,20,"Male","High school degree or equivalent (e.g."
"991",6584670140,13,15,3,53372.5,38,"Female","College"
"992",6600291237,29,24,1,7297,19,"Male","High school degree or equivalent (e.g."
"993",6605153052,20,26,3,23649,46,"Female","College"
"994",6615496647,18,14,5,27712.5,22,"Female","Graduate degree"
"995",6644104675,28,23,0,8597.5,25,"Female","College"
"996",6652680802,30,29,1,21766.5,43,"Male","Graduate degree"
"997",6653193642,11,12,3,53843,39,"Male","Graduate degree"
"998",6663033160,15,15,2,18061,24,"Male","Graduate degree"
"999",6668123658,28,27,3,50800.5,27,"Male","College"
"1000",6675337088,29,29,2,31589.5,26,"Female","Graduate degree"
"1001",6676745751,16,21,2,61250.5,21,"Male","High school degree or equivalent (e.g."
"1002",6680276089,37,37,4,16943,21,"Male","Graduate degree"
"1003",6692844233,22,30,3,22503.5,18,"Female","High school degree or equivalent (e.g."
"1004",6698146669,18,26,6,16955.5,19,"Male","High school degree or equivalent (e.g."
"1005",6702540469,12,28,5,24665,31,"Female","Graduate degree"
"1006",6703111260,42,30,4,54185,27,"Male","High school degree or equivalent (e.g."
"1007",6716082466,18,27,0,9383.5,24,"Female","College"
"1008",6720591732,12,14,4,35329.5,23,"Male","College"
"1009",6723057226,15,12,2,66986.5,30,"Female","Graduate degree"
"1010",6726784076,16,10,0,19150,43,"Male","Graduate degree"
"1011",6739964603,13,23,2,46571.5,18,"Female","High school degree or equivalent (e.g."
"1012",6741768651,10,10,5,30460.5,47,"Male","Graduate degree"
"1013",6746283237,10,8,3,31111,49,"Male","Graduate degree"
"1014",6764213800,17,14,4,51429.5,38,"Male","College"
"1015",6764637775,12,11,5,29670,19,"Female","High school degree or equivalent (e.g."
"1016",6765986038,17,17,1,37294.5,29,"Male","College"
"1017",6769637643,15,17,5,43121,23,"Male","High school degree or equivalent (e.g."
"1018",6778340525,35,33,2,4661.5,30,"Male","Graduate degree"
"1019",6789755015,16,23,2,18266.5,20,"Male","High school degree or equivalent (e.g."
"1020",6791936370,32,31,5,58945.5,29,"Male","College"
"1021",6793158461,11,12,3,50521,51,"Female","High school degree or equivalent (e.g."
"1022",6794047777,32,27,3,25743,28,"Female","College"
"1023",6796615214,11,11,1,16788,34,"Male","Graduate degree"
"1024",6796706673,15,20,4,22845,27,"Male","Graduate degree"
"1025",6797196353,20,18,0,5231,32,"Male","High school degree or equivalent (e.g."
"1026",6802821975,32,19,5,5502,18,"Male","High school degree or equivalent (e.g."
"1027",6812470568,13,17,5,33791,25,"Male","Graduate degree"
"1028",6815057775,17,14,3,9184.5,25,"Male","Graduate degree"
"1029",6816211570,12,13,6,28152.5,32,"Male","Graduate degree"
"1030",6822293201,12,21,4,29085,23,"Female","College"
"1031",6832192107,10,12,5,51018.5,23,"Female","Graduate degree"
"1032",6834041143,11,12,3,38853,25,"Male","College"
"1033",6841502067,23,14,4,35238.5,26,"Male","Graduate degree"
"1034",6842697754,22,28,5,42155,36,"Female","Graduate degree"
"1035",6844480940,17,14,5,23894.5,18,"Male","High school degree or equivalent (e.g."
"1036",6847161274,26,30,3,47689.5,26,"Female","College"
"1037",6852823810,11,15,4,42945.5,34,"Male","College"
"1038",6864316525,16,20,5,52680.5,43,"Male","Graduate degree"
"1039",6865774363,22,24,5,18327.5,23,"Non-binary","Graduate degree"
"1040",6869606472,28,30,4,72221.5,42,"Male","Graduate degree"
"1041",6873746239,10,9,6,27243,42,"Male","Graduate degree"
"1042",6880683645,10,9,3,74390,46,"Female","College"
"1043",6887900110,10,8,3,49005.5,21,"Female","Graduate degree"
"1044",6905784907,10,10,6,21649,35,"Male","Graduate degree"
"1045",6916495803,27,24,0,59318,20,"Male","High school degree or equivalent (e.g."
"1046",6929505287,35,35,2,53667,22,"Female","High school degree or equivalent (e.g."
"1047",6934451844,10,17,1,59123.5,22,"Male","College"
"1048",6943759201,18,21,6,53334.5,29,"Male","Graduate degree"
"1049",6945993485,11,16,6,25587.5,26,"Male","High school degree or equivalent (e.g."
"1050",6948099025,21,28,4,114078,22,"Female","High school degree or equivalent (e.g."
"1051",6953974500,24,26,4,77924,43,"Male","Graduate degree"
"1052",6958330090,24,26,5,33227.5,18,"Male","High school degree or equivalent (e.g."
"1053",6958892880,33,27,4,9100,40,"Male","Graduate degree"
"1054",6969351831,11,11,4,23612.5,22,"Female","Graduate degree"
"1055",6973632903,13,26,4,17885.5,18,"Male","High school degree or equivalent (e.g."
"1056",6979900004,10,14,0,507.5,19,"Male","High school degree or equivalent (e.g."
"1057",6981894647,10,12,6,29558,24,"Female","Graduate degree"
"1058",6996238850,36,24,3,28928.5,25,"Male","Graduate degree"
"1059",6997833697,10,8,0,8635.5,53,"Male","Basic "
"1060",7024606428,10,8,3,16103,41,"Female","Graduate degree"
"1061",7032107546,37,31,1,21701.5,25,"Male","Graduate degree"
"1062",7045659368,15,21,5,37323,20,"Female","High school degree or equivalent (e.g."
"1063",7055812312,10,8,0,1144,21,"Female","College"
"1064",7060432745,10,9,1,28710,23,"Male","Graduate degree"
"1065",7070707435,16,17,5,64795.5,34,"Female","Graduate degree"
"1066",7105183324,16,19,4,36883,19,"Male","High school degree or equivalent (e.g."
"1067",7106184498,10,9,1,14417.5,42,"Male","College"
"1068",7106841668,31,26,1,29520.5,27,"Female","College"
"1069",7109655231,17,16,3,21002.5,30,"Male","College"
"1070",7113570055,15,12,0,14682.5,21,"Male","High school degree or equivalent (e.g."
"1071",7121986735,13,16,2,5908.5,46,"Male","Graduate degree"
"1072",7122976702,18,26,5,27860,24,"Male","College"
"1073",7126027577,24,21,2,27936.5,25,"Female","Graduate degree"
"1074",7128547663,11,17,3,32765.5,30,"Female","Graduate degree"
"1075",7140277452,29,13,5,33125.5,36,"Female","High school degree or equivalent (e.g."
"1076",7142078097,32,29,3,32584.5,34,"Male","Graduate degree"
"1077",7145212329,26,26,5,39435.5,19,"Male","High school degree or equivalent (e.g."
"1078",7162663635,10,10,3,50436,39,"Male","Graduate degree"
"1079",7165214505,34,36,1,20474.5,42,"Male","Graduate degree"
"1080",7166256520,10,12,4,41315.5,33,"Male","Graduate degree"
"1081",7168270339,10,12,1,14750,31,"Female","College"
"1082",7189523438,16,9,5,28638.5,35,"Male","Graduate degree"
"1083",7193974123,29,25,2,14776.5,24,"Male","College"
"1084",7202787479,11,10,4,26310.5,41,"Female","Graduate degree"
"1085",7209296612,10,10,3,24411.5,24,"Female","Graduate degree"
"1086",7240745173,10,8,4,32156,25,"Female","Graduate degree"
"1087",7243362035,18,13,3,35217.5,34,"Female","Prefer not to say"
"1088",7244274833,11,13,1,21727,33,"Female","Graduate degree"
"1089",7244857808,10,8,5,12629,41,"Male","High school degree or equivalent (e.g."
"1090",7250398737,31,21,5,33889.5,20,"Male","Basic "
"1091",7256631725,34,26,4,13206,45,"Male","Graduate degree"
"1092",7262686511,32,26,1,6838,22,"Female","Graduate degree"
"1093",7266830925,17,13,6,38048,23,"Male","High school degree or equivalent (e.g."
"1094",7267877676,23,25,3,26221,38,"Female","Graduate degree"
"1095",7275989413,36,19,5,48847,19,"Male","High school degree or equivalent (e.g."
"1096",7287630652,26,27,1,23758,24,"Female","College"
"1097",7291312121,14,14,4,40515,26,"Female","High school degree or equivalent (e.g."
"1098",7297417070,10,10,1,20406.5,58,"Male","High school degree or equivalent (e.g."
"1099",7301935099,15,17,3,9225,21,"Male","College"
"1100",7306487700,11,13,2,45288,55,"Female","Graduate degree"
"1101",7309320558,11,13,5,38820,30,"Female","College"
"1102",7315854036,11,17,3,78749,23,"Female","High school degree or equivalent (e.g."
"1103",7316544145,13,16,4,37130,24,"Female","College"
"1104",7333883931,10,9,0,37925,47,"Female","Graduate degree"
"1105",7335100423,46,38,1,2941,40,"Female","Graduate degree"
"1106",7336784877,12,14,1,42572.5,29,"Male","College"
"1107",7338770922,12,23,6,20552,18,"Male","High school degree or equivalent (e.g."
"1108",7340281335,29,27,0,31426.5,40,"Female","Graduate degree"
"1109",7342195871,10,14,6,26139.5,26,"Female","Graduate degree"
"1110",7343179644,11,24,1,10854,41,"Male","Prefer not to say"
"1111",7356992420,31,30,3,28040,21,"Male","College"
"1112",7362039909,10,8,3,29599.5,37,"Female","Graduate degree"
"1113",7365597564,10,9,2,28137.5,34,"Male","Graduate degree"
"1114",7366950107,14,12,2,27610,23,"Male","Graduate degree"
"1115",7377903738,22,17,2,25428,38,"Female","Graduate degree"
"1116",7378436388,12,21,1,55202,42,"Female","Graduate degree"
"1117",7399560690,10,8,4,36866,45,"Female","High school degree or equivalent (e.g."
"1118",7400749271,12,16,6,25498,22,"Male","Graduate degree"
"1119",7404269626,38,32,1,6004,19,"Male","College"
"1120",7405951409,20,24,3,28226,26,"Male","College"
"1121",7421006347,26,30,2,34476,20,"Female","High school degree or equivalent (e.g."
"1122",7428956846,12,8,6,46880.5,19,"Male","High school degree or equivalent (e.g."
"1123",7452408494,23,20,1,14165.5,21,"Female","College"
"1124",7452842975,21,22,5,25813,21,"Non-binary","High school degree or equivalent (e.g."
"1125",7453955421,29,19,2,35682.5,36,"Male","Graduate degree"
"1126",7464020933,23,18,1,10020.5,25,"Female","College"
"1127",7468175489,13,9,5,36375,26,"Male","College"
"1128",7472275874,12,13,5,29652,23,"Male","College"
"1129",7478331293,31,26,5,27598,28,"Female","Graduate degree"
"1130",7482590919,10,8,1,15558.5,39,"Female","College"
"1131",7490102495,25,26,3,36924.5,18,"Male","High school degree or equivalent (e.g."
"1132",7492188483,10,8,3,26040.5,32,"Male","Graduate degree"
"1133",7501608541,28,16,4,39461,33,"Male","Graduate degree"
"1134",7503219780,11,13,6,31679.5,20,"Female","High school degree or equivalent (e.g."
"1135",7510074088,25,29,1,6234,21,"Female","College"
"1136",7520315908,13,13,4,148164.5,33,"Female","College"
"1137",7533362088,14,12,3,48367,57,"Male","College"
"1138",7538549028,11,10,5,39446.5,21,"Female","High school degree or equivalent (e.g."
"1139",7545621258,18,21,2,17335,21,"Male","High school degree or equivalent (e.g."
"1140",7545827048,10,8,1,28306.5,44,"Male","College"
"1141",7552017199,24,30,4,20890,19,"Male","High school degree or equivalent (e.g."
"1142",7553487617,10,15,3,23417.5,33,"Female","High school degree or equivalent (e.g."
"1143",7554540949,20,17,4,38090,18,"Female","High school degree or equivalent (e.g."
"1144",7562733760,24,19,2,79673.5,45,"Male","Graduate degree"
"1145",7577742764,14,21,3,16335.5,33,"Male","Graduate degree"
"1146",7579792526,34,29,2,16096.5,25,"Female","College"
"1147",7581392196,11,9,6,24331.5,24,"Male","Graduate degree"
"1148",7587895904,10,10,3,38015.5,29,"Female","Graduate degree"
"1149",7595102848,10,8,0,16117.5,26,"Female","Graduate degree"
"1150",7596745210,11,11,5,46659,56,"Female","High school degree or equivalent (e.g."
"1151",7609972522,10,11,1,20545.5,28,"Female","Graduate degree"
"1152",7615951239,41,33,6,23875.5,19,"Male","College"
"1153",7617107878,10,11,2,10076.5,38,"Male","Graduate degree"
"1154",7626536725,24,22,6,52363,30,"Female","Graduate degree"
"1155",7638950717,11,13,6,41778.5,29,"Female","College"
"1156",7658958386,10,12,4,15078.5,25,"Male","Graduate degree"
"1157",7659458757,14,14,2,12904,31,"Female","Graduate degree"
"1158",7662195622,17,22,1,9489.5,21,"Male","High school degree or equivalent (e.g."
"1159",7677598465,10,8,1,32492.5,61,"Female","Graduate degree"
"1160",7685202187,10,8,3,39638.5,30,"Female","College"
"1161",7686086033,10,8,6,23177,18,"Female","High school degree or equivalent (e.g."
"1162",7692785957,13,20,0,15328,22,"Male","College"
"1163",7695732741,23,19,2,46672,50,"Female","Graduate degree"
"1164",7714563603,36,29,5,12837.5,20,"Male","High school degree or equivalent (e.g."
"1165",7718106559,19,24,4,36660.5,26,"Male","High school degree or equivalent (e.g."
"1166",7718734732,29,19,5,46298.5,32,"Female","Graduate degree"
"1167",7729111176,10,12,3,38809.5,20,"Male","High school degree or equivalent (e.g."
"1168",7740377916,11,13,2,37649.5,25,"Female","Graduate degree"
"1169",7748312526,24,26,3,18019.5,20,"Female","High school degree or equivalent (e.g."
"1170",7749869418,12,15,4,20259.5,40,"Female","Graduate degree"
"1171",7751434737,27,19,5,76352,28,"Female","College"
"1172",7771365990,10,11,5,17182,20,"Male","High school degree or equivalent (e.g."
"1173",7796925446,17,15,4,23212,23,"Male","College"
"1174",7805257613,19,18,0,2980,24,"Male","High school degree or equivalent (e.g."
"1175",7813873946,20,18,1,17008.5,30,"Female","Graduate degree"
"1176",7818765386,10,14,1,17048.5,43,"Male","High school degree or equivalent (e.g."
"1177",7825393013,20,23,3,42703,23,"Female","High school degree or equivalent (e.g."
"1178",7827807934,10,16,6,24277,26,"Male","College"
"1179",7835059615,11,11,5,23534.5,26,"Male","Graduate degree"
"1180",7839421223,18,30,2,15365.5,28,"Male","Graduate degree"
"1181",7840848778,35,31,0,1453,18,"Male","High school degree or equivalent (e.g."
"1182",7844751640,23,21,6,33935,20,"Male","High school degree or equivalent (e.g."
"1183",7845035862,15,15,5,31371,18,"Male","College"
"1184",7886401445,34,31,3,17448.5,30,"Female","Graduate degree"
"1185",7900013141,13,19,6,29855,29,"Male","College"
"1186",7903086733,12,11,5,38409.5,56,"Male","Graduate degree"
"1187",7909976855,10,14,5,45320,29,"Male","Graduate degree"
"1188",7911048402,10,10,6,44741.5,30,"Female","Graduate degree"
"1189",7914689160,20,19,4,58208,20,"Male","High school degree or equivalent (e.g."
"1190",7917766451,13,12,6,16134.5,18,"Female","High school degree or equivalent (e.g."
"1191",7920374872,31,23,3,10462,19,"Male","High school degree or equivalent (e.g."
"1192",7921199590,20,15,5,21511,25,"Male","Graduate degree"
"1193",7926744263,15,20,4,55350,23,"Male","College"
"1194",7927702742,10,8,1,14161,46,"Male","College"
"1195",7951585308,38,27,4,28221.5,22,"Male","Basic "
"1196",7970026739,10,8,4,13924.5,33,"Male","Graduate degree"
"1197",7978061010,13,17,5,39127.5,35,"Male","College"
"1198",7991496235,31,34,3,29678,21,"Male","High school degree or equivalent (e.g."
"1199",8000628670,10,10,2,48965,35,"Male","College"
"1200",8025014343,10,11,5,32873,46,"Female","Graduate degree"
"1201",8031849813,14,13,5,56018.5,27,"Female","Graduate degree"
"1202",8034073007,22,24,3,34781.5,20,"Male","High school degree or equivalent (e.g."
"1203",8035167591,10,10,5,30253.5,60,"Male","High school degree or equivalent (e.g."
"1204",8036765319,15,13,4,6958.5,25,"Male","Graduate degree"
"1205",8060787605,40,24,3,17666.5,22,"Male","High school degree or equivalent (e.g."
"1206",8061141701,11,16,5,44130.5,29,"Male","Graduate degree"
"1207",8062064919,14,15,5,33979,26,"Male","College"
"1208",8079550585,10,8,6,41183.5,38,"Male","Graduate degree"
"1209",8082959619,10,9,0,25473,60,"Male","High school degree or equivalent (e.g."
"1210",8097818847,16,25,3,28373,27,"Female","College"
"1211",8098892127,10,10,5,46622.5,31,"Female","Graduate degree"
"1212",8101443584,12,16,3,33630,25,"Male","College"
"1213",8107513851,39,33,2,21071.5,46,"Female","Graduate degree"
"1214",8108759686,15,22,2,40841.5,50,"Female","College"
"1215",8115842065,15,16,4,16922,18,"Male","Basic "
"1216",8125452432,11,8,2,5850.5,27,"Male","High school degree or equivalent (e.g."
"1217",8126521830,25,27,3,14729,29,"Male","High school degree or equivalent (e.g."
"1218",8135272104,10,8,6,20791,20,"Male","High school degree or equivalent (e.g."
"1219",8144451680,10,10,5,25817.5,21,"Male","High school degree or equivalent (e.g."
"1220",8146874196,12,10,6,43192,18,"Male","High school degree or equivalent (e.g."
"1221",8149427261,12,16,3,33780.5,22,"Male","High school degree or equivalent (e.g."
"1222",8160861626,15,12,4,24644,32,"Female","Graduate degree"
"1223",8174044587,10,13,2,52085,30,"Male","High school degree or equivalent (e.g."
"1224",8174788788,38,30,3,24845,41,"Male","High school degree or equivalent (e.g."
"1225",8175960090,10,23,3,26926.5,23,"Female","College"
"1226",8180086136,11,20,5,41805,27,"Prefer not to say","College"
"1227",8181940936,30,17,1,546,24,"Female","Graduate degree"
"1228",8186577366,19,19,4,20826,20,"Female","High school degree or equivalent (e.g."
"1229",8188577343,27,20,5,30096.5,32,"Female","College"
"1230",8191444142,15,11,2,11495.5,27,"Male","College"
"1231",8199873397,46,29,5,22814.5,20,"Male","Graduate degree"
"1232",8208615506,24,16,5,14392,21,"Female","High school degree or equivalent (e.g."
"1233",8211034191,15,18,1,16173.5,24,"Female","Graduate degree"
"1234",8211999116,21,19,3,46459,21,"Male","College"
"1235",8216154652,11,17,5,49278.5,27,"Male","Graduate degree"
"1236",8217421642,22,19,3,29729,32,"Male","Graduate degree"
"1237",8218117179,13,27,4,41476,41,"Female","Graduate degree"
"1238",8227574495,29,14,2,13165.5,19,"Female","Prefer not to say"
"1239",8233308801,11,10,2,15744,43,"Male","College"
"1240",8234215740,10,10,6,31956,22,"Male","College"
"1241",8236820421,34,30,3,75106,29,"Female","Graduate degree"
"1242",8240811460,19,14,1,17517.5,46,"Female","Basic "
"1243",8248410685,19,11,1,23403,26,"Non-binary","Graduate degree"
"1244",8249244874,25,18,6,98359.5,43,"Male","Graduate degree"
"1245",8254838446,10,10,5,18718,40,"Female","Graduate degree"
"1246",8258365995,12,10,3,32493.5,33,"Male","High school degree or equivalent (e.g."
"1247",8263486820,31,36,5,37159.5,22,"Female","College"
"1248",8281381101,13,22,5,38304,21,"Female","Graduate degree"
"1249",8289328009,13,11,5,54794,21,"Male","High school degree or equivalent (e.g."
"1250",8297711227,14,12,4,16964,23,"Male","College"
"1251",8298031083,18,18,2,13208.5,40,"Male","Graduate degree"
"1252",8298375181,35,21,3,8510.5,32,"Male","Graduate degree"
"1253",8307247213,12,23,4,53812.5,21,"Female","College"
"1254",8329062047,14,13,4,23561.5,19,"Male","High school degree or equivalent (e.g."
"1255",8332541991,11,19,0,4978.5,45,"Male","Graduate degree"
"1256",8367563752,24,26,4,11608,32,"Male","Graduate degree"
"1257",8371860514,12,11,4,26625,29,"Female","College"
"1258",8382397242,11,11,6,44549.5,23,"Male","High school degree or equivalent (e.g."
"1259",8395029263,10,8,2,30476.5,78,"Female","College"
"1260",8398578019,35,28,1,2896.5,20,"Male","High school degree or equivalent (e.g."
"1261",8413200097,16,30,4,13078.5,24,"Male","College"
"1262",8414865651,12,13,1,18926,40,"Male","High school degree or equivalent (e.g."
"1263",8418946407,15,28,1,14392.5,29,"Female","Graduate degree"
"1264",8422182906,43,30,6,32724.5,29,"Female","College"
"1265",8429575638,10,9,4,30049,22,"Male","High school degree or equivalent (e.g."
"1266",8438995035,11,18,6,43769,23,"Female","Graduate degree"
"1267",8463768859,15,20,5,95876.5,19,"Male","High school degree or equivalent (e.g."
"1268",8473288698,25,28,5,22247.5,23,"Male","Graduate degree"
"1269",8473336401,17,16,3,18210.5,29,"Male","College"
"1270",8473595467,12,11,1,24298,38,"Female","College"
"1271",8488433442,31,25,0,5344.5,24,"Female","Graduate degree"
"1272",8492803954,15,18,5,34011.5,23,"Male","College"
"1273",8504683957,34,24,5,6361.5,46,"Male","Graduate degree"
"1274",8509317654,10,12,6,48072,25,"Female","College"
"1275",8518645279,14,12,5,23080.5,36,"Male","Graduate degree"
"1276",8524255282,12,10,3,31653,28,"Female","College"
"1277",8542248486,26,20,6,40400,26,"Male","Graduate degree"
"1278",8542590344,24,11,0,5421,22,"Male","High school degree or equivalent (e.g."
"1279",8544018915,11,9,4,55580,37,"Female","Graduate degree"
"1280",8554324224,12,16,4,10802.5,26,"Female","Graduate degree"
"1281",8557226192,23,24,1,31234,42,"Male","College"
"1282",8560236345,12,9,3,55225,54,"Female","Graduate degree"
"1283",8564303964,10,12,5,40487,27,"Male","College"
"1284",8567974355,22,12,3,8292.5,19,"Male","High school degree or equivalent (e.g."
"1285",8574805703,23,25,3,53233,38,"Male","College"
"1286",8585391759,19,25,3,45574.5,20,"Female","High school degree or equivalent (e.g."
"1287",8587439164,20,15,2,13852.5,19,"Male","College"
"1288",8615142953,13,11,3,21386.5,37,"Male","High school degree or equivalent (e.g."
"1289",8615322884,14,11,5,34113,23,"Male","College"
"1290",8618159535,14,16,4,40344.5,43,"Male","College"
"1291",8620390386,12,16,4,21181,31,"Male","College"
"1292",8647532445,13,12,3,25055,30,"Female","College"
"1293",8653402502,34,32,3,15271.5,21,"Female","High school degree or equivalent (e.g."
"1294",8654356530,17,21,0,6425,40,"Male","Graduate degree"
"1295",8657519444,10,8,6,44920,31,"Female","College"
"1296",8664334722,13,16,4,20194,23,"Female","Basic "
"1297",8665510652,10,17,3,27751.5,34,"Female","Graduate degree"
"1298",8665749809,16,20,0,13624.5,22,"Male","High school degree or equivalent (e.g."
"1299",8694129555,18,22,6,39026.5,18,"Male","Basic "
"1300",8711779674,20,26,5,28802,20,"Male","High school degree or equivalent (e.g."
"1301",8726847881,11,14,5,17496,26,"Female","College"
"1302",8735426571,13,11,3,32533,26,"Female","Graduate degree"
"1303",8736886915,17,17,5,29412,35,"Male","Graduate degree"
"1304",8737040888,10,8,4,23568,22,"Male","College"
"1305",8742308181,12,12,3,27853.5,35,"Female","Graduate degree"
"1306",8746860195,10,14,5,33406.5,24,"Male","High school degree or equivalent (e.g."
"1307",8759794951,19,17,4,15230,22,"Male","Graduate degree"
"1308",8775219584,46,34,4,38780,20,"Male","College"
"1309",8783724653,29,17,3,20440,23,"Male","High school degree or equivalent (e.g."
"1310",8786993101,25,27,3,25667.5,19,"Female","College"
"1311",8792205344,10,8,2,24741,33,"Female","College"
"1312",8808754556,10,12,2,36688.5,29,"Male","Graduate degree"
"1313",8808792907,10,8,1,12208,36,"Female","College"
"1314",8810463431,31,26,2,10886,22,"Male","College"
"1315",8822876495,17,15,5,13932,32,"Female","Graduate degree"
"1316",8827954946,16,18,1,14240.5,25,"Male","Graduate degree"
"1317",8831073555,10,8,1,51334,60,"Male","Graduate degree"
"1318",8835757969,13,18,3,23080.5,23,"Female","College"
"1319",8844513838,23,18,5,26365.5,19,"Female","High school degree or equivalent (e.g."
"1320",8863453031,17,21,2,35560.5,19,"Female","High school degree or equivalent (e.g."
"1321",8870515860,18,28,5,23612.5,25,"Male","Graduate degree"
"1322",8875192977,43,32,1,14181,19,"Male","Basic "
"1323",8880206349,10,11,4,55469,29,"Male","Graduate degree"
"1324",8881001905,35,31,4,23765,18,"Male","High school degree or equivalent (e.g."
"1325",8883429311,39,30,4,55030.5,19,"Female","High school degree or equivalent (e.g."
"1326",8883919769,11,17,5,51033,34,"Female","Graduate degree"
"1327",8901577946,12,10,2,12635.5,42,"Female","College"
"1328",8920131766,23,20,5,18659.5,20,"Male","High school degree or equivalent (e.g."
"1329",8930101242,31,30,6,20742,19,"Male","High school degree or equivalent (e.g."
"1330",8935934256,40,25,6,18019,22,"Male","High school degree or equivalent (e.g."
"1331",8937912401,33,24,5,32805,25,"Male","High school degree or equivalent (e.g."
"1332",8942818915,25,32,5,44476.5,23,"Male","Graduate degree"
"1333",8954657657,10,12,0,18207,22,"Male","College"
"1334",8963480487,23,13,4,22780.5,29,"Male","College"
"1335",8970496097,32,29,4,34085,20,"Male","High school degree or equivalent (e.g."
"1336",8973494638,10,8,2,21889.5,69,"Female","Basic "
"1337",8980875572,17,15,2,8137.5,27,"Male","High school degree or equivalent (e.g."
"1338",8983884968,15,13,1,38291.5,40,"Male","Graduate degree"
"1339",8989687640,10,9,1,24059.5,35,"Female","Graduate degree"
"1340",8997240299,15,15,3,19947.5,38,"Female","College"
"1341",8999394915,12,9,6,38185,47,"Male","High school degree or equivalent (e.g."
"1342",9000007004,34,25,1,2247,31,"Male","Graduate degree"
"1343",9001517635,18,27,4,23768.5,19,"Male","High school degree or equivalent (e.g."
"1344",9002449947,11,10,5,37970.5,29,"Female","College"
"1345",9004029428,42,35,0,6426,30,"Male","Graduate degree"
"1346",9013851016,11,19,5,68456.5,18,"Male","High school degree or equivalent (e.g."
"1347",9016394236,15,15,4,37237.5,28,"Male","College"
"1348",9016608660,50,40,1,35284.5,41,"Male","Graduate degree"
"1349",9020994776,38,30,0,13939.5,48,"Male","Graduate degree"
"1350",9029633126,12,16,2,30191,38,"Female","Graduate degree"
"1351",9034209002,22,24,0,14628.5,25,"Male","High school degree or equivalent (e.g."
"1352",9036381378,10,10,3,19973.5,36,"Male","Graduate degree"
"1353",9050338862,13,9,2,6274.5,37,"Male","High school degree or equivalent (e.g."
"1354",9053513204,11,10,3,26329.5,56,"Female","Graduate degree"
"1355",9067295260,10,10,5,31849,45,"Male","Graduate degree"
"1356",9067505518,34,28,5,25709.5,19,"Male","College"
"1357",9078311643,10,13,3,20067.5,21,"Male","High school degree or equivalent (e.g."
"1358",9086615250,29,23,4,39993.5,27,"Male","Graduate degree"
"1359",9093234138,33,33,3,12195.5,25,"Male","College"
"1360",9098468339,11,11,3,63568,20,"Male","High school degree or equivalent (e.g."
"1361",9103597326,10,12,4,47148,61,"Male","College"
"1362",9113199918,11,14,1,18653.5,33,"Female","Graduate degree"
"1363",9117890758,22,23,1,23962.5,25,"Male","College"
"1364",9125892643,34,28,0,11356.5,30,"Female","Graduate degree"
"1365",9127876944,32,17,5,74175,27,"Male","College"
"1366",9149258543,24,18,5,31414,18,"Male","High school degree or equivalent (e.g."
"1367",9149984387,10,8,5,33027.5,31,"Male","Graduate degree"
"1368",9178014112,20,23,6,37068,18,"Male","High school degree or equivalent (e.g."
"1369",9181642623,15,11,6,28506,33,"Male","College"
"1370",9200503845,18,19,0,13306,20,"Female","High school degree or equivalent (e.g."
"1371",9206520556,11,14,6,17779.5,30,"Female","Graduate degree"
"1372",9209983975,14,23,4,10101,32,"Female","High school degree or equivalent (e.g."
"1373",9214041280,10,8,3,20261,22,"Female","College"
"1374",9219326752,14,17,3,26919,30,"Female","Graduate degree"
"1375",9221130535,28,10,5,58289,21,"Female","High school degree or equivalent (e.g."
"1376",9229494076,10,11,4,16785.5,22,"Male","Graduate degree"
"1377",9230735662,10,14,2,20227,39,"Male","Graduate degree"
"1378",9235480960,23,22,6,39293.5,22,"Female","College"
"1379",9238763212,13,18,4,36143,23,"Male","High school degree or equivalent (e.g."
"1380",9246644736,11,9,3,39476.5,26,"Male","Graduate degree"
"1381",9253065732,10,12,4,35205.5,27,"Female","Graduate degree"
"1382",9256514039,11,10,3,40677,35,"Female","College"
"1383",9257849042,11,10,5,25943.5,43,"Male","Graduate degree"
"1384",9259556339,10,8,4,27894,29,"Male","Graduate degree"
"1385",9265471342,16,16,5,19622,23,"Female","College"
"1386",9282650007,11,15,4,7819,25,"Female","Graduate degree"
"1387",9319208921,34,23,1,7848,19,"Male","Prefer not to say"
"1388",9324978137,33,25,1,6494.5,25,"Female","Graduate degree"
"1389",9325798113,11,10,3,23764.5,18,"Male","Basic "
"1390",9337190557,31,21,3,9831,27,"Female","College"
"1391",9339573617,11,10,6,22953,48,"Male","College"
"1392",9346254144,11,19,4,21576.5,21,"Female","High school degree or equivalent (e.g."
"1393",9346451781,19,13,5,44704.5,20,"Male","Graduate degree"
"1394",9353001956,21,19,1,17087.5,44,"Female","High school degree or equivalent (e.g."
"1395",9355636428,26,32,3,25123,18,"Male","Graduate degree"
"1396",9360490031,34,33,5,51076,19,"Female","High school degree or equivalent (e.g."
"1397",9364908566,13,24,2,46218,24,"Male","Graduate degree"
"1398",9365448305,15,14,2,10007,30,"Female","Graduate degree"
"1399",9371205817,11,26,0,9893.5,24,"Female","Graduate degree"
"1400",9371930310,17,17,4,24328.5,24,"Male","College"
"1401",9386480188,10,10,0,14185,50,"Male","Basic "
"1402",9387294758,19,28,0,8166.5,29,"Male","College"
"1403",9389607681,32,33,2,31369.5,19,"Female","High school degree or equivalent (e.g."
"1404",9390627462,34,25,1,19370,29,"Male","High school degree or equivalent (e.g."
"1405",9397056418,11,25,6,30611,37,"Male","High school degree or equivalent (e.g."
"1406",9397934166,31,20,4,28174.5,19,"Female","High school degree or equivalent (e.g."
"1407",9401403901,10,8,4,44891.5,32,"Male","High school degree or equivalent (e.g."
"1408",9404122564,10,8,0,6958.5,28,"Male","Graduate degree"
"1409",9408811960,27,22,3,29380.5,25,"Female","College"
"1410",9414387890,10,8,6,85096,36,"Male","College"
"1411",9419891912,20,14,5,91047.5,29,"Female","High school degree or equivalent (e.g."
"1412",9430010760,11,10,4,32508.5,23,"Female","Graduate degree"
"1413",9440284077,30,25,5,19350,20,"Male","Graduate degree"
"1414",9456706383,10,11,4,40087.5,18,"Female","High school degree or equivalent (e.g."
"1415",9462340617,18,18,2,21152,20,"Male","High school degree or equivalent (e.g."
"1416",9463683339,23,20,1,51254.5,25,"Female","Graduate degree"
"1417",9469043644,10,9,0,9932,44,"Female","Graduate degree"
"1418",9480592589,43,29,2,12040.5,36,"Female","Graduate degree"
"1419",9486948889,13,14,2,19574,36,"Male","Graduate degree"
"1420",9487247440,10,8,6,28924.5,23,"Female","Graduate degree"
"1421",9488127373,10,13,5,23467,30,"Male","Graduate degree"
"1422",9501813593,29,26,5,26045.5,18,"Male","Basic "
"1423",9514693397,12,12,1,6520,32,"Male","College"
"1424",9523941393,23,25,5,19876.5,23,"Male","High school degree or equivalent (e.g."
"1425",9537231299,33,26,3,29676.5,29,"Female","Graduate degree"
"1426",9541096322,24,25,4,71804.5,26,"Male","Graduate degree"
"1427",9551141540,11,8,2,34681,28,"Female","College"
"1428",9551563403,15,29,3,51061.5,25,"Prefer not to say","Graduate degree"
"1429",9551933975,44,28,0,34750,19,"Male","High school degree or equivalent (e.g."
"1430",9553037957,10,14,0,8230,45,"Male","Graduate degree"
"1431",9561147250,34,28,5,10058,42,"Male","Graduate degree"
"1432",9572702354,29,24,1,18537,18,"Male","High school degree or equivalent (e.g."
"1433",9577813739,23,23,6,43622,19,"Male","High school degree or equivalent (e.g."
"1434",9583293868,10,8,0,18493,55,"Male","College"
"1435",9586635838,10,10,3,25852.5,33,"Male","Graduate degree"
"1436",9589305054,17,21,1,22970.5,19,"Male","High school degree or equivalent (e.g."
"1437",9592012908,13,12,4,58262,19,"Male","High school degree or equivalent (e.g."
"1438",9604291011,32,32,4,28461,19,"Female","High school degree or equivalent (e.g."
"1439",9610690498,10,9,3,44945,44,"Female","College"
"1440",9621969426,10,9,3,53643,57,"Female","College"
"1441",9624791407,10,12,5,26188.5,32,"Male","Graduate degree"
"1442",9628981401,19,16,2,47025,21,"Male","Graduate degree"
"1443",9630547087,25,22,3,46681,21,"Male","College"
"1444",9634740071,10,15,5,29698.5,22,"Male","High school degree or equivalent (e.g."
"1445",9636966977,11,11,2,26426,60,"Male","Basic "
"1446",9641746835,10,14,4,60765,18,"Male","High school degree or equivalent (e.g."
"1447",9645445635,16,19,1,11547,19,"Male","High school degree or equivalent (e.g."
"1448",9646937483,16,20,4,36003.5,24,"Female","High school degree or equivalent (e.g."
"1449",9649069515,10,8,4,16969,31,"Male","College"
"1450",9657147174,10,14,2,10348.5,40,"Female","High school degree or equivalent (e.g."
"1451",9663189234,11,14,5,73989,44,"Male","Graduate degree"
"1452",9676484548,16,18,4,99520,30,"Female","College"
"1453",9702276356,13,16,0,3997.5,22,"Male","College"
"1454",9703254235,36,18,1,9240.5,20,"Male","College"
"1455",9710681791,21,20,0,23846,26,"Male","College"
"1456",9713866551,27,29,2,70325.5,34,"Female","College"
"1457",9734825143,10,16,6,20638,24,"Female","Graduate degree"
"1458",9735714909,17,13,3,21488.5,39,"Female","Graduate degree"
"1459",9737176947,12,11,5,14547,27,"Male","College"
"1460",9751639010,35,28,3,26592,19,"Male","High school degree or equivalent (e.g."
"1461",9760067950,21,22,6,22472,21,"Male","High school degree or equivalent (e.g."
"1462",9761090919,24,20,4,41639,35,"Female","Graduate degree"
"1463",9794927506,39,32,1,17888.5,19,"Female","High school degree or equivalent (e.g."
"1464",9801458946,16,22,2,13734,18,"Male","High school degree or equivalent (e.g."
"1465",9806385338,10,8,2,9352,20,"Male","High school degree or equivalent (e.g."
"1466",9810848662,24,25,2,37367,23,"Female","College"
"1467",9822232915,37,30,1,1147.5,33,"Male","Graduate degree"
"1468",9824757174,13,19,5,17909,30,"Female","Graduate degree"
"1469",9829152180,18,16,4,31439.5,31,"Male","Graduate degree"
"1470",9856170876,20,18,4,22935,28,"Male","High school degree or equivalent (e.g."
"1471",9883127783,12,22,2,8107,18,"Female","College"
"1472",9887707921,16,23,6,19162.5,20,"Male","College"
"1473",9888604065,10,14,2,45573.5,42,"Female","Graduate degree"
"1474",9904825284,24,16,1,16937.5,40,"Male","College"
"1475",9904881894,18,17,3,19698.5,38,"Male","Graduate degree"
"1476",9906067480,13,15,5,22382,34,"Female","Graduate degree"
"1477",9906897766,12,14,4,19121,27,"Male","High school degree or equivalent (e.g."
"1478",9911344427,16,28,3,35863.5,23,"Female","Graduate degree"
"1479",9911744582,11,9,3,11402.5,41,"Female","Graduate degree"
"1480",9925370086,12,18,3,31855,55,"Female","College"
"1481",9937214451,10,11,4,14113,20,"Female","College"
"1482",9938432419,15,15,5,20337,40,"Male","High school degree or equivalent (e.g."
"1483",9944715613,10,12,4,15446.5,26,"Male","College"
"1484",9945621533,10,19,5,21902.5,21,"Male","College"
"1485",9949257489,16,26,5,41094,24,"Male","High school degree or equivalent (e.g."
"1486",9950982918,17,17,6,26295.5,19,"Male","High school degree or equivalent (e.g."
"1487",9951546771,12,9,1,11620.5,64,"Male","Basic "
"1488",9954386421,23,21,4,26451.5,27,"Male","Graduate degree"
"1489",9958159799,13,11,5,45017,49,"Male","High school degree or equivalent (e.g."
"1490",9959411987,40,32,1,5803,32,"Female","High school degree or equivalent (e.g."
"1491",9960124918,10,8,1,12429.5,63,"Female","High school degree or equivalent (e.g."
"1492",9961672703,29,23,1,32327,22,"Male","College"
"1493",9970009284,11,12,5,27299,25,"Male","College"
"1494",9972899057,16,16,3,13757.5,35,"Male","College"
"1495",9973279700,10,8,5,34427,23,"Male","College"
"1496",9981448840,25,22,6,37499.5,37,"Male","Graduate degree"
"1497",9984145906,40,25,0,15699.5,29,"Male","Graduate degree"
"1498",9984809104,16,20,2,29225,19,"Female","High school degree or equivalent (e.g."
"1499",9985909047,15,16,5,17852.5,23,"Male","High school degree or equivalent (e.g."
"1500",9992758504,10,10,4,21539.5,34,"Female","High school degree or equivalent (e.g."
"1501",9993563717,12,10,5,20089.5,39,"Female","College"
"1502",9993980123,18,11,4,86965.5,21,"Female","High school degree or equivalent (e.g."
